launch_id,mission_name,launch_date_raw,status,vehicle,launch_pad,launch_site,launch_date,booster_serial,booster_flight_number,mission_type,previous_launch_date,turnaround_days
a5556e79-a01f-48c6-b822-69bbadb4460d,Falcon 9 Block 5 | Crew-14,2031-03-31T00:00:00Z,To Be Determined,Falcon 9 Block 5,Unknown Pad,"Cape Canaveral SFS, FL, USA",2031-03-31 00:00:00+00:00,,,Crew / Human Spaceflight,,
c277ebf9-3ce3-49d6-b212-2f350a2b89ee,Falcon 9 Block 5 | Amazon Leo (LF-05),2029-12-31T00:00:00Z,To Be Determined,Falcon 9 Block 5,Unknown Pad,"Cape Canaveral SFS, FL, USA",2029-12-31 00:00:00+00:00,,,Commercial / Other,,
3930a4f9-1bd4-4f83-8906-70fcda1e31cd,Falcon 9 Block 5 | Amazon Leo (LF-10),2029-12-31T00:00:00Z,To Be Determined,Falcon 9 Block 5,Unknown Pad,"Cape Canaveral SFS, FL, USA",2029-12-31 00:00:00+00:00,,,Commercial / Other,,
6af44c56-2b17-40da-a198-886757b694e4,Falcon 9 Block 5 | Amazon Leo (LF-13),2029-12-31T00:00:00Z,To Be Determined,Falcon 9 Block 5,Unknown Pad,"Cape Canaveral SFS, FL, USA",2029-12-31 00:00:00+00:00,,,Commercial / Other,,
92176037-f390-44ae-9f4e-3f74cc36a99c,Falcon 9 Block 5 | JSAT-31,2029-12-31T00:00:00Z,To Be Determined,Falcon 9 Block 5,Unknown Pad,"Cape Canaveral SFS, FL, USA",2029-12-31 00:00:00+00:00,,,Commercial / Other,,
06281994-19d0-4c0e-8cbe-07ead2525aab,Falcon 9 Block 5 | Amazon Leo (LF-08),2029-12-31T00:00:00Z,To Be Determined,Falcon 9 Block 5,Unknown Pad,"Cape Canaveral SFS, FL, USA",2029-12-31 00:00:00+00:00,,,Commercial / Other,,
3d4800c4-3e30-4121-a289-ae4e6bbf18c0,Falcon 9 Block 5 | NROL-96,2029-12-31T00:00:00Z,To Be Determined,Falcon 9 Block 5,Space Launch Complex 4E,"Vandenberg SFB, CA, USA",2029-12-31 00:00:00+00:00,,,Government / National Security,,
f3c3a73d-e9f1-4022-a884-db88147d54cc,Falcon 9 Block 5 | Amazon Leo (LF-09),2029-12-31T00:00:00Z,To Be Determined,Falcon 9 Block 5,Unknown Pad,"Cape Canaveral SFS, FL, USA",2029-12-31 00:00:00+00:00,,,Commercial / Other,,
602dd99f-c8da-43cb-b984-424ce57a50de,Falcon 9 Block 5 | Amazon Leo (LF-06),2029-12-31T00:00:00Z,To Be Determined,Falcon 9 Block 5,Unknown Pad,"Cape Canaveral SFS, FL, USA",2029-12-31 00:00:00+00:00,,,Commercial / Other,,
230bfd2b-a9b8-4c27-98ed-03c4ffb5547f,Falcon 9 Block 5 | Amazon Leo (LF-07),2029-12-31T00:00:00Z,To Be Determined,Falcon 9 Block 5,Unknown Pad,"Cape Canaveral SFS, FL, USA",2029-12-31 00:00:00+00:00,,,Commercial / Other,,
ae0eb5dc-cd7e-4d1d-9f57-4d28a2ba3611,Falcon 9 Block 5 | USSF-234,2029-12-31T00:00:00Z,To Be Determined,Falcon 9 Block 5,Unknown Pad,"Cape Canaveral SFS, FL, USA",2029-12-31 00:00:00+00:00,,,Government / National Security,,
5484b8bc-8149-4f4c-8e2e-2fda40646f8f,Falcon 9 Block 5 | Amazon Leo (LF-12),2029-12-31T00:00:00Z,To Be Determined,Falcon 9 Block 5,Unknown Pad,"Cape Canaveral SFS, FL, USA",2029-12-31 00:00:00+00:00,,,Commercial / Other,,
656b50c2-80c1-48d5-876a-ee5a9b4e21d5,Falcon 9 Block 5 | Amazon Leo (LF-11),2029-12-31T00:00:00Z,To Be Determined,Falcon 9 Block 5,Unknown Pad,"Cape Canaveral SFS, FL, USA",2029-12-31 00:00:00+00:00,,,Commercial / Other,,
21aaaf10-d26f-40d9-b6b7-5247c634e254,Falcon 9 Block 5 | NROL-157,2029-12-31T00:00:00Z,To Be Determined,Falcon 9 Block 5,Space Launch Complex 4E,"Vandenberg SFB, CA, USA",2029-12-31 00:00:00+00:00,,,Government / National Security,,
9b9db235-8ffb-4569-b09b-0e852ad231a0,Falcon 9 Block 5 | Amazon Leo (LF-04),2029-12-31T00:00:00Z,To Be Determined,Falcon 9 Block 5,Unknown Pad,"Cape Canaveral SFS, FL, USA",2029-12-31 00:00:00+00:00,,,Commercial / Other,,
633b152c-63ef-453d-9f16-467dcc299916,Falcon 9 Block 5 | KPS-1,2029-09-30T00:00:00Z,To Be Determined,Falcon 9 Block 5,Unknown Pad,"Cape Canaveral SFS, FL, USA",2029-09-30 00:00:00+00:00,,,Commercial / Other,,
a6e28fc1-dfff-4de1-a525-8c4a55183512,Falcon 9 Block 5 | SEOPS Waymaker-2,2028-12-31T00:00:00Z,To Be Determined,Falcon 9 Block 5,Space Launch Complex 4E,"Vandenberg SFB, CA, USA",2028-12-31 00:00:00+00:00,,,Commercial / Other,,
2156b17b-76ff-4140-9146-e8d52d7e8e7d,Falcon 9 Block 5 | EchoStar 26,2028-12-31T00:00:00Z,To Be Determined,Falcon 9 Block 5,Unknown Pad,"Cape Canaveral SFS, FL, USA",2028-12-31 00:00:00+00:00,,,Commercial / Other,,
bb34dbf6-9b46-400a-94d6-a0b6dbd6cb03,Falcon 9 Block 5 | WSF-M2 & BLAZE-2 (USSF-178),2028-12-31T00:00:00Z,To Be Determined,Falcon 9 Block 5,Space Launch Complex 4E,"Vandenberg SFB, CA, USA",2028-12-31 00:00:00+00:00,,,Government / National Security,,
562cb854-99a4-4b29-81c8-2fa14dacae55,Falcon 9 Block 5 | SEOPS Darkstar-1,2028-12-31T00:00:00Z,To Be Determined,Falcon 9 Block 5,Space Launch Complex 40,"Cape Canaveral SFS, FL, USA",2028-12-31 00:00:00+00:00,,,Commercial / Other,,
4da7127d-43db-4944-896e-31816c637738,Falcon 9 Block 5 | Exolaunch Exo-2,2028-12-31T00:00:00Z,To Be Determined,Falcon 9 Block 5,Space Launch Complex 4E,"Vandenberg SFB, CA, USA",2028-12-31 00:00:00+00:00,,,Commercial / Other,,
d2bf7232-3999-4fbc-b903-f05a792bca8b,Falcon 9 Block 5 | Al Yah 5,2028-12-31T00:00:00Z,To Be Determined,Falcon 9 Block 5,Unknown Pad,"Cape Canaveral SFS, FL, USA",2028-12-31 00:00:00+00:00,,,Commercial / Other,,
054a1928-57dc-4134-b3e3-c4c8728578b3,Falcon 9 Block 5 | NEO Surveyor,2028-06-30T00:00:00Z,To Be Determined,Falcon 9 Block 5,Unknown Pad,"Cape Canaveral SFS, FL, USA",2028-06-30 00:00:00+00:00,,,Commercial / Other,,
40d980c0-caea-4851-b668-9055cd676732,Falcon 9 Block 5 | SEOPS Waymaker-1,2028-03-31T00:00:00Z,To Be Determined,Falcon 9 Block 5,Space Launch Complex 40,"Cape Canaveral SFS, FL, USA",2028-03-31 00:00:00+00:00,,,Commercial / Other,,
f615ff6a-a077-4b89-bb9a-f07c2171b962,Falcon 9 Block 5 | Thor 8,2027-12-31T00:00:00Z,To Be Determined,Falcon 9 Block 5,Unknown Pad,"Cape Canaveral SFS, FL, USA",2027-12-31 00:00:00+00:00,,,Commercial / Other,,
01642f58-d8a9-4322-87b9-f051591ee165,Falcon 9 Block 5 | Nova-C IM-4 & 2 Lunar Data Relay Satellites,2027-12-31T00:00:00Z,To Be Determined,Falcon 9 Block 5,Unknown Pad,"Cape Canaveral SFS, FL, USA",2027-12-31 00:00:00+00:00,,,Commercial / Other,,
28df7f2b-11ef-468f-b269-1b174ebaaabd,Falcon 9 Block 5 | Telesat Lightspeed 11,2027-12-31T00:00:00Z,To Be Determined,Falcon 9 Block 5,Unknown Pad,"Cape Canaveral SFS, FL, USA",2027-12-31 00:00:00+00:00,,,Commercial / Other,,
7fed6954-5934-43ec-b32e-199d1759f215,Falcon 9 Block 5 | 6x Astranis MicroGEO,2027-12-31T00:00:00Z,To Be Determined,Falcon 9 Block 5,Unknown Pad,"Cape Canaveral SFS, FL, USA",2027-12-31 00:00:00+00:00,,,Commercial / Other,,
4548bcd5-4e69-46f7-a40e-d4717a0949f8,Falcon 9 Block 5 | FOO Fighter (F2),2027-12-31T00:00:00Z,To Be Determined,Falcon 9 Block 5,Unknown Pad,"Cape Canaveral SFS, FL, USA",2027-12-31 00:00:00+00:00,,,Commercial / Other,,
887ed4ee-f7f0-4316-ac5c-d89f3844914b,Falcon 9 Block 5 | Telesat Lightspeed 14,2027-12-31T00:00:00Z,To Be Determined,Falcon 9 Block 5,Unknown Pad,"Cape Canaveral SFS, FL, USA",2027-12-31 00:00:00+00:00,,,Commercial / Other,,
fd7610d8-d883-4da0-bac2-cbbbbe34a33e,Falcon 9 Block 5 | Telesat Lightspeed 10,2027-12-31T00:00:00Z,To Be Determined,Falcon 9 Block 5,Unknown Pad,"Cape Canaveral SFS, FL, USA",2027-12-31 00:00:00+00:00,,,Commercial / Other,,
d259059a-52f0-41fe-88eb-da4f17ae0da2,Falcon 9 Block 5 | Thaicom 10,2027-12-31T00:00:00Z,To Be Determined,Falcon 9 Block 5,Unknown Pad,"Cape Canaveral SFS, FL, USA",2027-12-31 00:00:00+00:00,,,Commercial / Other,,
271b3134-d5a2-40f6-bc20-83cffb9414c3,Falcon 9 Block 5 | Telesat Lightspeed 13,2027-12-31T00:00:00Z,To Be Determined,Falcon 9 Block 5,Unknown Pad,"Cape Canaveral SFS, FL, USA",2027-12-31 00:00:00+00:00,,,Commercial / Other,,
d88a9bd5-76c4-4c55-b2eb-8cd3e071b02c,Falcon 9 Block 5 | JPSS 4 (Joint Polar Satellite System spacecraft No. 4),2027-12-31T00:00:00Z,To Be Determined,Falcon 9 Block 5,Space Launch Complex 4E,"Vandenberg SFB, CA, USA",2027-12-31 00:00:00+00:00,,,Commercial / Other,,
3c0ec64f-8692-44fc-a249-318450b89b7f,Falcon 9 Block 5 | Telesat Lightspeed 12,2027-12-31T00:00:00Z,To Be Determined,Falcon 9 Block 5,Unknown Pad,"Cape Canaveral SFS, FL, USA",2027-12-31 00:00:00+00:00,,,Commercial / Other,,
37908d2e-fb37-4cb1-80ca-35f1ca949b76,Falcon 9 Block 5 | Exolaunch Exo-1,2027-12-31T00:00:00Z,To Be Determined,Falcon 9 Block 5,Space Launch Complex 4E,"Vandenberg SFB, CA, USA",2027-12-31 00:00:00+00:00,,,Commercial / Other,,
acf48226-23d4-4c9f-b9d2-5c3e0bf08108,Falcon 9 Block 5 | Telesat Lightspeed 8,2027-12-31T00:00:00Z,To Be Determined,Falcon 9 Block 5,Unknown Pad,"Cape Canaveral SFS, FL, USA",2027-12-31 00:00:00+00:00,,,Commercial / Other,,
9bb0b2d4-8553-44a4-bb02-488499ec9698,Falcon 9 Block 5 | Telesat Lightspeed 9,2027-12-31T00:00:00Z,To Be Determined,Falcon 9 Block 5,Unknown Pad,"Cape Canaveral SFS, FL, USA",2027-12-31 00:00:00+00:00,,,Commercial / Other,,
7ec9195a-d85f-4e01-9ec9-a17f6912c44c,Falcon 9 Block 5 | JSAT-32,2027-12-31T00:00:00Z,To Be Determined,Falcon 9 Block 5,Unknown Pad,"Cape Canaveral SFS, FL, USA",2027-12-31 00:00:00+00:00,,,Commercial / Other,,
c42d6d44-8130-4f38-8ff5-f32e2f566711,Falcon 9 Block 5 | Chinggis Sat,2027-12-31T00:00:00Z,To Be Determined,Falcon 9 Block 5,Unknown Pad,"Cape Canaveral SFS, FL, USA",2027-12-31 00:00:00+00:00,,,Commercial / Other,,
387aadc6-68ca-4090-9be7-d57603ad7c79,Falcon 9 Block 5 | Blue Ghost Lunar Lander Mission 2,2027-12-31T00:00:00Z,To Be Determined,Falcon 9 Block 5,Unknown Pad,"Cape Canaveral SFS, FL, USA",2027-12-31 00:00:00+00:00,,,Commercial / Other,,
97a7bd4f-c850-46d5-88f3-39e0834e03fd,Falcon 9 Block 5 | Al Yah 4,2027-12-31T00:00:00Z,To Be Determined,Falcon 9 Block 5,Unknown Pad,"Cape Canaveral SFS, FL, USA",2027-12-31 00:00:00+00:00,,,Commercial / Other,,
67787be2-7b6b-44df-ab10-8c828900868b,Falcon 9 Block 5 | GEO-KOMPSAT-3,2027-12-31T00:00:00Z,To Be Determined,Falcon 9 Block 5,Unknown Pad,"Cape Canaveral SFS, FL, USA",2027-12-31 00:00:00+00:00,,,Commercial / Other,,
a532fa7d-bf0d-449d-a25b-5e7561e88712,Falcon 9 Block 5 | Skynet 6A,2027-12-31T00:00:00Z,To Be Determined,Falcon 9 Block 5,Unknown Pad,"Cape Canaveral SFS, FL, USA",2027-12-31 00:00:00+00:00,,,Commercial / Other,,
2b33643b-681b-4616-96a2-f1e986e03615,Falcon 9 Block 5 | SICRAL 3B,2027-11-30T00:00:00Z,To Be Determined,Falcon 9 Block 5,Unknown Pad,"Cape Canaveral SFS, FL, USA",2027-11-30 00:00:00+00:00,,,Commercial / Other,,
c07cac30-849b-4e24-91e2-c064e6db456e,Falcon 9 Block 5 | Arabsat 7A,2027-10-31T00:00:00Z,To Be Determined,Falcon 9 Block 5,Unknown Pad,"Cape Canaveral SFS, FL, USA",2027-10-31 00:00:00+00:00,,,Commercial / Other,,
f3a1a032-5cca-4733-9ca8-04a5a1dba222,Falcon 9 Block 5 | PAM-6 (Vast ISS Mission 1),2027-09-30T00:00:00Z,To Be Determined,Falcon 9 Block 5,Space Launch Complex 40,"Cape Canaveral SFS, FL, USA",2027-09-30 00:00:00+00:00,,,Commercial / Other,,
50a054f3-4e03-4158-af80-18f0b25ad644,Falcon 9 Block 5 | COSI (Compton Spectrometer and Imager),2027-08-31T00:00:00Z,To Be Determined,Falcon 9 Block 5,Space Launch Complex 40,"Cape Canaveral SFS, FL, USA",2027-08-31 00:00:00+00:00,,,Commercial / Other,,
99875c7b-400c-40e2-b16c-bb9b2a02a0d8,Falcon 9 Block 5 | Vast-1,2027-07-31T00:00:00Z,To Be Determined,Falcon 9 Block 5,Space Launch Complex 40,"Cape Canaveral SFS, FL, USA",2027-07-31 00:00:00+00:00,,,Commercial / Other,,
104004ff-a363-441a-8aa5-9b363080d05b,Falcon 9 Block 5 | SDA Tranche 2 Tracking Layer C,2027-06-30T00:00:00Z,To Be Determined,Falcon 9 Block 5,Unknown Pad,"Cape Canaveral SFS, FL, USA",2027-06-30 00:00:00+00:00,,,Commercial / Other,,
c75c006e-43f7-4abd-9c48-2252c2284586,Falcon 9 Block 5 | USSF-149,2027-06-30T00:00:00Z,To Be Determined,Falcon 9 Block 5,Unknown Pad,"Cape Canaveral SFS, FL, USA",2027-06-30 00:00:00+00:00,,,Government / National Security,,
870f6e2b-c440-48c2-9f5a-4b9b9fbc4dd7,Falcon 9 Block 5 | SDA Tranche 2 Tracking Layer D,2027-06-30T00:00:00Z,To Be Determined,Falcon 9 Block 5,Unknown Pad,"Cape Canaveral SFS, FL, USA",2027-06-30 00:00:00+00:00,,,Commercial / Other,,
f3763818-4d71-403d-a10d-aa549c859b5d,Falcon 9 Block 5 | SDA Tranche 2 Transport Layer J,2027-06-30T00:00:00Z,To Be Determined,Falcon 9 Block 5,Unknown Pad,"Cape Canaveral SFS, FL, USA",2027-06-30 00:00:00+00:00,,,Commercial / Other,,
9642cfef-4687-495a-af2e-2ac81fa1e12a,Falcon 9 Block 5 | KOMPSAT-7A,2027-06-30T00:00:00Z,To Be Determined,Falcon 9 Block 5,Unknown Pad,"Cape Canaveral SFS, FL, USA",2027-06-30 00:00:00+00:00,,,Commercial / Other,,
71f2a458-f872-4f82-80d7-c07f9e0a1f97,Falcon 9 Block 5 | SDA Tranche 2 Transport Layer I,2027-05-31T00:00:00Z,To Be Determined,Falcon 9 Block 5,Unknown Pad,"Cape Canaveral SFS, FL, USA",2027-05-31 00:00:00+00:00,,,Commercial / Other,,
cedcc397-f2c2-439f-9bed-b983669fc205,Falcon 9 Block 5 | SDA Tranche 2 Transport Layer H,2027-03-31T00:00:00Z,To Be Determined,Falcon 9 Block 5,Space Launch Complex 4E,"Vandenberg SFB, CA, USA",2027-03-31 00:00:00+00:00,,,Commercial / Other,,
9bfa0324-db74-444f-8dc3-1c7d373ca659,Falcon 9 Block 5 | 5x Astranis MicroGEO,2027-03-31T00:00:00Z,To Be Determined,Falcon 9 Block 5,Unknown Pad,"Cape Canaveral SFS, FL, USA",2027-03-31 00:00:00+00:00,,,Commercial / Other,,
4cc61288-6f94-41de-8fd5-7fe4d72aedfb,Falcon 9 Block 5 | Haven-1,2027-03-31T00:00:00Z,To Be Determined,Falcon 9 Block 5,Unknown Pad,"Cape Canaveral SFS, FL, USA",2027-03-31 00:00:00+00:00,,,Commercial / Other,,
0c26b3d4-43e3-4c1a-8976-592ff319bc51,Falcon 9 Block 5 | Nova-C IM-3,2027-03-31T00:00:00Z,To Be Determined,Falcon 9 Block 5,Unknown Pad,"Cape Canaveral SFS, FL, USA",2027-03-31 00:00:00+00:00,,,Commercial / Other,,
8d066e3a-ed12-4997-a5f4-3bc13cf5c8a2,Falcon 9 Block 5 | SICRAL 3A,2027-02-28T00:00:00Z,To Be Determined,Falcon 9 Block 5,Unknown Pad,"Cape Canaveral SFS, FL, USA",2027-02-28 00:00:00+00:00,,,Commercial / Other,,
02e34864-4363-4056-b884-9d4a7a9cd5e8,Falcon 9 Block 5 | Trinity,2027-02-28T00:00:00Z,To Be Determined,Falcon 9 Block 5,Unknown Pad,"Cape Canaveral SFS, FL, USA",2027-02-28 00:00:00+00:00,,,Commercial / Other,,
3624047e-9891-420b-820f-7db4a7570383,Falcon 9 Block 5 | SDA Tranche 2 Transport Layer G,2027-02-28T00:00:00Z,To Be Determined,Falcon 9 Block 5,Space Launch Complex 4E,"Vandenberg SFB, CA, USA",2027-02-28 00:00:00+00:00,,,Commercial / Other,,
5276b922-e440-466b-9b19-5851a2d67e75,Falcon 9 Block 5 | SDA Tranche 2 Transport Layer F,2027-01-31T00:00:00Z,To Be Determined,Falcon 9 Block 5,Space Launch Complex 4E,"Vandenberg SFB, CA, USA",2027-01-31 00:00:00+00:00,,,Commercial / Other,,
de3d5d91-f115-4a86-b923-203a91a08735,Falcon 9 Block 5 | Axiom Space Mission 5,2027-01-31T00:00:00Z,To Be Determined,Falcon 9 Block 5,Space Launch Complex 40,"Cape Canaveral SFS, FL, USA",2027-01-31 00:00:00+00:00,,,Crew / Human Spaceflight,,
542a51bb-2351-48b9-98c5-9db130fb4c29,Falcon 9 Block 5 | SDA Tranche 2 Transport Layer C,2027-01-31T00:00:00Z,To Be Determined,Falcon 9 Block 5,Unknown Pad,"Cape Canaveral SFS, FL, USA",2027-01-31 00:00:00+00:00,,,Commercial / Other,,
d08d8b46-353b-4eee-ab5e-e1385b329008,Falcon 9 Block 5 | Rivada 11,2026-12-31T00:00:00Z,To Be Determined,Falcon 9 Block 5,Space Launch Complex 4E,"Vandenberg SFB, CA, USA",2026-12-31 00:00:00+00:00,,,Commercial / Other,,
5ce7e9b6-b471-4a88-891f-2a6f21cb369f,Falcon 9 Block 5 | Rivada 9,2026-12-31T00:00:00Z,To Be Determined,Falcon 9 Block 5,Space Launch Complex 4E,"Vandenberg SFB, CA, USA",2026-12-31 00:00:00+00:00,,,Commercial / Other,,
1fa3741c-3339-4954-a026-2cd9d36161c0,Falcon 9 Block 5 | Rivada 7,2026-12-31T00:00:00Z,To Be Determined,Falcon 9 Block 5,Space Launch Complex 4E,"Vandenberg SFB, CA, USA",2026-12-31 00:00:00+00:00,,,Commercial / Other,,
98b905bb-4060-40a2-b299-2773b6883203,Falcon 9 Block 5 | Telesat Lightspeed 5,2026-12-31T00:00:00Z,To Be Determined,Falcon 9 Block 5,Unknown Pad,"Cape Canaveral SFS, FL, USA",2026-12-31 00:00:00+00:00,,,Commercial / Other,,
71ed4649-8d71-42e8-8548-d42ffa2c5a6e,Falcon 9 Block 5 | SDA Tranche 2 Transport Layer E,2026-12-31T00:00:00Z,To Be Determined,Falcon 9 Block 5,Space Launch Complex 4E,"Vandenberg SFB, CA, USA",2026-12-31 00:00:00+00:00,,,Commercial / Other,,
ab932c60-d808-4825-ab71-b6fe0a745f15,Falcon 9 Block 5 | Rivada 3,2026-12-31T00:00:00Z,To Be Determined,Falcon 9 Block 5,Space Launch Complex 4E,"Vandenberg SFB, CA, USA",2026-12-31 00:00:00+00:00,,,Commercial / Other,,
1ce39fa1-5f79-4d7b-9aa9-9a5aad74a46a,Falcon 9 Block 5 | Telesat Lightspeed 7,2026-12-31T00:00:00Z,To Be Determined,Falcon 9 Block 5,Unknown Pad,"Cape Canaveral SFS, FL, USA",2026-12-31 00:00:00+00:00,,,Commercial / Other,,
0a07a23e-606a-4589-bf3e-c3e41bd4de51,Falcon 9 Block 5 | SDA Tranche 2 Tracking Layer A,2026-12-31T00:00:00Z,To Be Determined,Falcon 9 Block 5,Unknown Pad,"Cape Canaveral SFS, FL, USA",2026-12-31 00:00:00+00:00,,,Commercial / Other,,
4c78e865-8f03-4f47-a081-b507da270d19,Falcon 9 Block 5 | USSF-31,2026-12-31T00:00:00Z,To Be Determined,Falcon 9 Block 5,Unknown Pad,"Cape Canaveral SFS, FL, USA",2026-12-31 00:00:00+00:00,,,Government / National Security,,
4c78e865-8f03-4f47-a081-b507da270d19,Falcon 9 Block 5 | USSF-31,2026-12-31T00:00:00Z,To Be Determined,Falcon 9 Block 5,Unknown Pad,"Cape Canaveral SFS, FL, USA",2026-12-31 00:00:00+00:00,,,Government / National Security,,
fa895702-687b-4ba3-95fb-9462a2c9844b,Falcon 9 Block 5 | Rivada 5,2026-12-31T00:00:00Z,To Be Determined,Falcon 9 Block 5,Space Launch Complex 4E,"Vandenberg SFB, CA, USA",2026-12-31 00:00:00+00:00,,,Commercial / Other,,
fa895702-687b-4ba3-95fb-9462a2c9844b,Falcon 9 Block 5 | Rivada 5,2026-12-31T00:00:00Z,To Be Determined,Falcon 9 Block 5,Space Launch Complex 4E,"Vandenberg SFB, CA, USA",2026-12-31 00:00:00+00:00,,,Commercial / Other,,
46d6822b-82aa-452c-aa34-80b6f052de84,Falcon 9 Block 5 | Rivada 6,2026-12-31T00:00:00Z,To Be Determined,Falcon 9 Block 5,Space Launch Complex 4E,"Vandenberg SFB, CA, USA",2026-12-31 00:00:00+00:00,,,Commercial / Other,,
ad00f137-39e4-4780-be30-443020b2a5aa,Falcon 9 Block 5 | Telesat Lightspeed 6,2026-12-31T00:00:00Z,To Be Determined,Falcon 9 Block 5,Unknown Pad,"Cape Canaveral SFS, FL, USA",2026-12-31 00:00:00+00:00,,,Commercial / Other,,
dfd444f9-ddda-4b35-8f51-cda7cd801809,Falcon 9 Block 5 | Rivada 1,2026-12-31T00:00:00Z,To Be Determined,Falcon 9 Block 5,Space Launch Complex 4E,"Vandenberg SFB, CA, USA",2026-12-31 00:00:00+00:00,,,Commercial / Other,,
dfd444f9-ddda-4b35-8f51-cda7cd801809,Falcon 9 Block 5 | Rivada 1,2026-12-31T00:00:00Z,To Be Determined,Falcon 9 Block 5,Space Launch Complex 4E,"Vandenberg SFB, CA, USA",2026-12-31 00:00:00+00:00,,,Commercial / Other,,
bf5c6fa2-3add-49ff-aad6-c6450148cd89,Falcon 9 Block 5 | Rivada 12,2026-12-31T00:00:00Z,To Be Determined,Falcon 9 Block 5,Space Launch Complex 4E,"Vandenberg SFB, CA, USA",2026-12-31 00:00:00+00:00,,,Commercial / Other,,
d6615c37-dcef-45d1-96c1-3d1a5250bf13,Falcon 9 Block 5 | Telesat Lightspeed 3,2026-12-31T00:00:00Z,To Be Determined,Falcon 9 Block 5,Unknown Pad,"Cape Canaveral SFS, FL, USA",2026-12-31 00:00:00+00:00,,,Commercial / Other,,
20fa8dc4-8cab-41cf-b452-98a2620f7e86,Falcon 9 Block 5 | Rivada 2,2026-12-31T00:00:00Z,To Be Determined,Falcon 9 Block 5,Space Launch Complex 4E,"Vandenberg SFB, CA, USA",2026-12-31 00:00:00+00:00,,,Commercial / Other,,
20fa8dc4-8cab-41cf-b452-98a2620f7e86,Falcon 9 Block 5 | Rivada 2,2026-12-31T00:00:00Z,To Be Determined,Falcon 9 Block 5,Space Launch Complex 4E,"Vandenberg SFB, CA, USA",2026-12-31 00:00:00+00:00,,,Commercial / Other,,
adfc829a-6704-4d9e-b2ca-1068c38b2b83,Falcon 9 Block 5 | Telesat Lightspeed 4,2026-12-31T00:00:00Z,To Be Determined,Falcon 9 Block 5,Unknown Pad,"Cape Canaveral SFS, FL, USA",2026-12-31 00:00:00+00:00,,,Commercial / Other,,
cb1762f0-90f4-4902-a5f6-655a7ade25bf,Falcon 9 Block 5 | SDA Tranche 2 Tracking Layer B,2026-12-31T00:00:00Z,To Be Determined,Falcon 9 Block 5,Unknown Pad,"Cape Canaveral SFS, FL, USA",2026-12-31 00:00:00+00:00,,,Commercial / Other,,
cb1762f0-90f4-4902-a5f6-655a7ade25bf,Falcon 9 Block 5 | SDA Tranche 2 Tracking Layer B,2026-12-31T00:00:00Z,To Be Determined,Falcon 9 Block 5,Unknown Pad,"Cape Canaveral SFS, FL, USA",2026-12-31 00:00:00+00:00,,,Commercial / Other,,
c703fab3-2ce4-4cf1-861d-754da3f3ad42,Falcon 9 Block 5 | SDA Tranche 2 Transport Layer A,2026-12-31T00:00:00Z,To Be Determined,Falcon 9 Block 5,Space Launch Complex 4E,"Vandenberg SFB, CA, USA",2026-12-31 00:00:00+00:00,,,Commercial / Other,,
4d3943e9-c894-46c4-a318-84d526d0ef40,Falcon 9 Block 5 | Cygnus CRS-2 NG-22,2026-12-31T00:00:00Z,To Be Determined,Falcon 9 Block 5,Unknown Pad,"Cape Canaveral SFS, FL, USA",2026-12-31 00:00:00+00:00,,,Crew / Human Spaceflight,,
4d3943e9-c894-46c4-a318-84d526d0ef40,Falcon 9 Block 5 | Cygnus CRS-2 NG-22,2026-12-31T00:00:00Z,To Be Determined,Falcon 9 Block 5,Unknown Pad,"Cape Canaveral SFS, FL, USA",2026-12-31 00:00:00+00:00,,,Crew / Human Spaceflight,,
8bf5f61e-a7e1-41e6-aede-7b87e4beebab,Falcon 9 Block 5 | CHORUS,2026-12-31T00:00:00Z,To Be Determined,Falcon 9 Block 5,Unknown Pad,"Cape Canaveral SFS, FL, USA",2026-12-31 00:00:00+00:00,,,Commercial / Other,,
7d77bd89-af23-4a5a-b632-de0034003a64,Falcon 9 Block 5 | Rivada 8,2026-12-31T00:00:00Z,To Be Determined,Falcon 9 Block 5,Space Launch Complex 4E,"Vandenberg SFB, CA, USA",2026-12-31 00:00:00+00:00,,,Commercial / Other,,
ce1317de-ec94-4479-9b28-38ebf11f13ae,Falcon 9 Block 5 | Telesat Lightspeed 1,2026-12-31T00:00:00Z,To Be Determined,Falcon 9 Block 5,Unknown Pad,"Cape Canaveral SFS, FL, USA",2026-12-31 00:00:00+00:00,,,Commercial / Other,,
ce1317de-ec94-4479-9b28-38ebf11f13ae,Falcon 9 Block 5 | Telesat Lightspeed 1,2026-12-31T00:00:00Z,To Be Determined,Falcon 9 Block 5,Unknown Pad,"Cape Canaveral SFS, FL, USA",2026-12-31 00:00:00+00:00,,,Commercial / Other,,
fa895702-687b-4ba3-95fb-9462a2c9844b,Falcon 9 Block 5 | Rivada 5,2026-12-31T00:00:00Z,To Be Determined,Falcon 9 Block 5,Space Launch Complex 4E,"Vandenberg SFB, CA, USA",2026-12-31 00:00:00+00:00,,,Commercial / Other,,
fa895702-687b-4ba3-95fb-9462a2c9844b,Falcon 9 Block 5 | Rivada 5,2026-12-31T00:00:00Z,To Be Determined,Falcon 9 Block 5,Space Launch Complex 4E,"Vandenberg SFB, CA, USA",2026-12-31 00:00:00+00:00,,,Commercial / Other,,
20fa8dc4-8cab-41cf-b452-98a2620f7e86,Falcon 9 Block 5 | Rivada 2,2026-12-31T00:00:00Z,To Be Determined,Falcon 9 Block 5,Space Launch Complex 4E,"Vandenberg SFB, CA, USA",2026-12-31 00:00:00+00:00,,,Commercial / Other,,
20fa8dc4-8cab-41cf-b452-98a2620f7e86,Falcon 9 Block 5 | Rivada 2,2026-12-31T00:00:00Z,To Be Determined,Falcon 9 Block 5,Space Launch Complex 4E,"Vandenberg SFB, CA, USA",2026-12-31 00:00:00+00:00,,,Commercial / Other,,
4d3943e9-c894-46c4-a318-84d526d0ef40,Falcon 9 Block 5 | Cygnus CRS-2 NG-22,2026-12-31T00:00:00Z,To Be Determined,Falcon 9 Block 5,Unknown Pad,"Cape Canaveral SFS, FL, USA",2026-12-31 00:00:00+00:00,,,Crew / Human Spaceflight,,
4d3943e9-c894-46c4-a318-84d526d0ef40,Falcon 9 Block 5 | Cygnus CRS-2 NG-22,2026-12-31T00:00:00Z,To Be Determined,Falcon 9 Block 5,Unknown Pad,"Cape Canaveral SFS, FL, USA",2026-12-31 00:00:00+00:00,,,Crew / Human Spaceflight,,
ce1317de-ec94-4479-9b28-38ebf11f13ae,Falcon 9 Block 5 | Telesat Lightspeed 1,2026-12-31T00:00:00Z,To Be Determined,Falcon 9 Block 5,Unknown Pad,"Cape Canaveral SFS, FL, USA",2026-12-31 00:00:00+00:00,,,Commercial / Other,,
ce1317de-ec94-4479-9b28-38ebf11f13ae,Falcon 9 Block 5 | Telesat Lightspeed 1,2026-12-31T00:00:00Z,To Be Determined,Falcon 9 Block 5,Unknown Pad,"Cape Canaveral SFS, FL, USA",2026-12-31 00:00:00+00:00,,,Commercial / Other,,
dfd444f9-ddda-4b35-8f51-cda7cd801809,Falcon 9 Block 5 | Rivada 1,2026-12-31T00:00:00Z,To Be Determined,Falcon 9 Block 5,Space Launch Complex 4E,"Vandenberg SFB, CA, USA",2026-12-31 00:00:00+00:00,,,Commercial / Other,,
dfd444f9-ddda-4b35-8f51-cda7cd801809,Falcon 9 Block 5 | Rivada 1,2026-12-31T00:00:00Z,To Be Determined,Falcon 9 Block 5,Space Launch Complex 4E,"Vandenberg SFB, CA, USA",2026-12-31 00:00:00+00:00,,,Commercial / Other,,
cb1762f0-90f4-4902-a5f6-655a7ade25bf,Falcon 9 Block 5 | SDA Tranche 2 Tracking Layer B,2026-12-31T00:00:00Z,To Be Determined,Falcon 9 Block 5,Unknown Pad,"Cape Canaveral SFS, FL, USA",2026-12-31 00:00:00+00:00,,,Commercial / Other,,
cb1762f0-90f4-4902-a5f6-655a7ade25bf,Falcon 9 Block 5 | SDA Tranche 2 Tracking Layer B,2026-12-31T00:00:00Z,To Be Determined,Falcon 9 Block 5,Unknown Pad,"Cape Canaveral SFS, FL, USA",2026-12-31 00:00:00+00:00,,,Commercial / Other,,
4c78e865-8f03-4f47-a081-b507da270d19,Falcon 9 Block 5 | USSF-31,2026-12-31T00:00:00Z,To Be Determined,Falcon 9 Block 5,Unknown Pad,"Cape Canaveral SFS, FL, USA",2026-12-31 00:00:00+00:00,,,Government / National Security,,
4c78e865-8f03-4f47-a081-b507da270d19,Falcon 9 Block 5 | USSF-31,2026-12-31T00:00:00Z,To Be Determined,Falcon 9 Block 5,Unknown Pad,"Cape Canaveral SFS, FL, USA",2026-12-31 00:00:00+00:00,,,Government / National Security,,
67213393-7983-4c06-8b44-b8c785a5ed79,Falcon 9 Block 5 | Transporter 18 (Dedicated SSO Rideshare),2026-10-31T00:00:00Z,To Be Determined,Falcon 9 Block 5,Space Launch Complex 4E,"Vandenberg SFB, CA, USA",2026-10-31 00:00:00+00:00,,,Rideshare,,
bf2c3027-a314-403e-a416-2bfd5d165ad1,Falcon 9 Block 5 | Dragon CRS-2 SpX-35,2026-10-31T00:00:00Z,To Be Determined,Falcon 9 Block 5,Unknown Pad,"Cape Canaveral SFS, FL, USA",2026-10-31 00:00:00+00:00,,,Crew / Human Spaceflight,,
4541ce85-0e38-42ac-a9a0-20474bb5f2cd,Falcon 9 Block 5 | SDA Tranche 1 Transport Layer D,2026-09-30T00:00:00Z,To Be Determined,Falcon 9 Block 5,Space Launch Complex 4E,"Vandenberg SFB, CA, USA",2026-09-30 00:00:00+00:00,,,Commercial / Other,,
fcbc4550-e69e-4458-a9e6-4a5b6b6b15a5,Falcon 9 Block 5 | SDA Tranche 1 Tracking Layer E,2026-09-30T00:00:00Z,To Be Determined,Falcon 9 Block 5,Space Launch Complex 4E,"Vandenberg SFB, CA, USA",2026-09-30 00:00:00+00:00,,,Commercial / Other,,
c5783e2b-d458-4b99-9936-4043c236190b,Falcon 9 Block 5 | SDA Tranche 1 Transport Layer F,2026-09-30T00:00:00Z,To Be Determined,Falcon 9 Block 5,Space Launch Complex 4E,"Vandenberg SFB, CA, USA",2026-09-30 00:00:00+00:00,,,Commercial / Other,,
da43dc2c-00af-4cc1-8ef1-90a60b2eb9e5,Falcon 9 Block 5 | SDA Tranche 1 Transport Layer A,2026-09-30T00:00:00Z,To Be Determined,Falcon 9 Block 5,Space Launch Complex 4E,"Vandenberg SFB, CA, USA",2026-09-30 00:00:00+00:00,,,Commercial / Other,,
2d0472b9-463d-49c8-afb1-7925e49a3368,Falcon 9 Block 5 | SDA Tranche 1 Tracking Layer A,2026-09-30T00:00:00Z,To Be Determined,Falcon 9 Block 5,Space Launch Complex 4E,"Vandenberg SFB, CA, USA",2026-09-30 00:00:00+00:00,,,Commercial / Other,,
ad358a4d-c541-409b-9366-9c2f2da4aeb9,Falcon 9 Block 5 | O3b mPower 11-13,2026-09-30T00:00:00Z,To Be Determined,Falcon 9 Block 5,Space Launch Complex 40,"Cape Canaveral SFS, FL, USA",2026-09-30 00:00:00+00:00,,,Commercial / Other,,
dca8749f-1552-485a-8061-f1ad79055b8d,Falcon 9 Block 5 | SDA Tranche 1 Tracking Layer C,2026-09-30T00:00:00Z,To Be Determined,Falcon 9 Block 5,Space Launch Complex 4E,"Vandenberg SFB, CA, USA",2026-09-30 00:00:00+00:00,,,Commercial / Other,,
18441371-8b2e-457c-afb5-1ec1b11ab630,Falcon 9 Block 5 | Crew-13,2026-09-12T22:34:00Z,Go for Launch,Falcon 9 Block 5,Space Launch Complex 40,"Cape Canaveral SFS, FL, USA",2026-09-12 22:34:00+00:00,,,Crew / Human Spaceflight,,
95653d52-bb77-4860-a815-dd7141778d17,Falcon 9 Block 5 | Starlink Group 15-22,2026-08-25T09:42:00Z,Go for Launch,Falcon 9 Block 5,Space Launch Complex 4E,"Vandenberg SFB, CA, USA",2026-08-25 09:42:00+00:00,,,Starlink,,
ad501ebd-a357-4305-90c1-c46c6feb2ecf,Falcon 9 Block 5 | Starlink Group 10-49,2026-08-25T05:49:00Z,Go for Launch,Falcon 9 Block 5,Space Launch Complex 40,"Cape Canaveral SFS, FL, USA",2026-08-25 05:49:00+00:00,,,Starlink,,
6208f972-18ec-490f-bbe5-6f5c6cfcd48c,Falcon 9 Block 5 | Starlink Group 15-20,2026-08-22T07:25:00Z,Go for Launch,Falcon 9 Block 5,Space Launch Complex 4E,"Vandenberg SFB, CA, USA",2026-08-22 07:25:00+00:00,,,Starlink,,
bbdc4d47-1de3-428e-9fe1-bbf45d9b1e04,Falcon 9 Block 5 | Starlink Group 10-39,2026-08-20T15:19:00Z,Go for Launch,Falcon 9 Block 5,Space Launch Complex 40,"Cape Canaveral SFS, FL, USA",2026-08-20 15:19:00+00:00,,,Starlink,,
f6958a77-37bb-4559-a108-40ba0ff9e34a,Falcon 9 Block 5 | Starlink Group 17-50,2026-08-19T04:01:07Z,Launch Successful,Falcon 9 Block 5,Space Launch Complex 4E,"Vandenberg SFB, CA, USA",2026-08-19 04:01:07+00:00,,,Starlink,,
55b79515-ddbf-4198-8a59-29a12ed21330,Falcon 9 Block 5 | USSF-366,2026-08-16T01:50:45Z,Launch Successful,Falcon 9 Block 5,Space Launch Complex 4E,"Vandenberg SFB, CA, USA",2026-08-16 01:50:45+00:00,,,Government / National Security,,
be8b4b0d-1989-48a5-a96d-e8e4d59ed8b3,Falcon 9 Block 5 | Globalstar 2-R Mission 1 (x 8),2026-08-16T01:12:14Z,Launch Successful,Falcon 9 Block 5,Space Launch Complex 40,"Cape Canaveral SFS, FL, USA",2026-08-16 01:12:14+00:00,,,Commercial / Other,,
6f94dbe4-1318-4ffb-a53d-351bbdcba733,Falcon 9 Block 5 | Starlink Group 17-49,2026-08-12T04:46:47Z,Launch Successful,Falcon 9 Block 5,Space Launch Complex 4E,"Vandenberg SFB, CA, USA",2026-08-12 04:46:47+00:00,,,Starlink,,
36ab6924-bb36-416a-b71d-cda9e88004be,Falcon 9 Block 5 | Starlink Group 10-19,2026-08-11T15:58:26Z,Launch Successful,Falcon 9 Block 5,Space Launch Complex 40,"Cape Canaveral SFS, FL, USA",2026-08-11 15:58:26+00:00,,,Starlink,,
e4316d4c-9eb8-4a18-9b0d-4307c3970ef6,Falcon 9 Block 5 | Starlink Group 17-38,2026-08-08T16:35:02Z,Launch Successful,Falcon 9 Block 5,Space Launch Complex 4E,"Vandenberg SFB, CA, USA",2026-08-08 16:35:02+00:00,,,Starlink,,
56a85c82-ea71-449b-828c-b583f6f4a18b,Falcon 9 Block 5 | BlueBird 11-13 (Block 2 #6-8),2026-08-05T07:49:00Z,Launch Successful,Falcon 9 Block 5,Space Launch Complex 40,"Cape Canaveral SFS, FL, USA",2026-08-05 07:49:00+00:00,,,Commercial / Other,,
0448d030-5175-4c1f-bd0b-4f3f87072921,Falcon 9 Block 5 | Starlink Group 17-53,2026-08-04T17:05:03Z,Launch Successful,Falcon 9 Block 5,Space Launch Complex 4E,"Vandenberg SFB, CA, USA",2026-08-04 17:05:03+00:00,,,Starlink,,
e7e55b53-6f69-4c22-9fc5-df00df653a3f,Falcon 9 Block 5 | Starlink Group 17-52,2026-08-01T03:08:43Z,Launch Successful,Falcon 9 Block 5,Space Launch Complex 4E,"Vandenberg SFB, CA, USA",2026-08-01 03:08:43+00:00,,,Starlink,,
24675e3d-2458-48a3-8c70-5196e44d4dc3,Falcon 9 Block 5 | NROL-95,2026-07-30T07:10:19Z,Launch Successful,Falcon 9 Block 5,Space Launch Complex 40,"Cape Canaveral SFS, FL, USA",2026-07-30 07:10:19+00:00,,,Government / National Security,,
5b2f05d7-9052-49fb-9bd7-2a05d4910576,Falcon 9 Block 5 | Starlink Group 17-51,2026-07-25T15:51:55Z,Launch Successful,Falcon 9 Block 5,Space Launch Complex 4E,"Vandenberg SFB, CA, USA",2026-07-25 15:51:55+00:00,,,Starlink,,
0f6780cf-edae-4d7c-99d6-ce7de784d140,Falcon 9 Block 5 | MRV-1,2026-07-21T21:15:00Z,Launch Successful,Falcon 9 Block 5,Space Launch Complex 40,"Cape Canaveral SFS, FL, USA",2026-07-21 21:15:00+00:00,,,Commercial / Other,,
e1079d3a-c0a6-4b42-bc1d-92e48a5a78fc,Falcon 9 Block 5 | Starlink Group 17-39,2026-07-21T14:49:34Z,Launch Successful,Falcon 9 Block 5,Space Launch Complex 4E,"Vandenberg SFB, CA, USA",2026-07-21 14:49:34+00:00,,,Starlink,,
d9adedc4-8fa1-4a36-84f9-43b8893a6865,Falcon 9 Block 5 | SDA Tranche 1 Transport Layer E,2026-07-16T20:32:36Z,Launch Successful,Falcon 9 Block 5,Space Launch Complex 4E,"Vandenberg SFB, CA, USA",2026-07-16 20:32:36+00:00,,,Commercial / Other,,
9999a3a3-b15d-4ee3-b70f-acf00d10d912,Falcon 9 Block 5 | Starlink Group 10-45,2026-07-14T09:10:12Z,Launch Successful,Falcon 9 Block 5,Space Launch Complex 40,"Cape Canaveral SFS, FL, USA",2026-07-14 09:10:12+00:00,,,Starlink,,
e09f254f-18bc-4985-963e-6075fa3d7a1c,Falcon 9 Block 5 | Starlink Group 15-14,2026-07-14T01:28:17Z,Launch Successful,Falcon 9 Block 5,Space Launch Complex 4E,"Vandenberg SFB, CA, USA",2026-07-14 01:28:17+00:00,,,Starlink,,
135fb199-a39e-48cc-ba27-0aecd96ba9f8,Falcon 9 Block 5 | Starlink Group 17-48,2026-07-11T03:01:57Z,Launch Successful,Falcon 9 Block 5,Space Launch Complex 4E,"Vandenberg SFB, CA, USA",2026-07-11 03:01:57+00:00,,,Starlink,,
62d4cd48-ed28-418b-b58c-526781a50a39,Falcon 9 Block 5 | Starlink Group 10-42,2026-07-09T09:25:43Z,Launch Successful,Falcon 9 Block 5,Space Launch Complex 40,"Cape Canaveral SFS, FL, USA",2026-07-09 09:25:43+00:00,,,Starlink,,
a6db1e67-5860-47c9-a674-adc0f35b62e0,Falcon 9 Block 5 | Transporter 17 (Dedicated SSO Rideshare),2026-07-07T07:12:00Z,Launch Successful,Falcon 9 Block 5,Space Launch Complex 4E,"Vandenberg SFB, CA, USA",2026-07-07 07:12:00+00:00,,,Rideshare,,
1ef27ca1-af91-48bb-b934-3da5abd9f711,Falcon 9 Block 5 | Starlink Group 10-50,2026-07-05T10:50:00Z,Launch Successful,Falcon 9 Block 5,Space Launch Complex 40,"Cape Canaveral SFS, FL, USA",2026-07-05 10:50:00+00:00,,,Starlink,,
491122a3-3eff-42db-aff3-424b3431fc0b,Falcon 9 Block 5 | Starlink Group 17-46,2026-07-02T02:58:19Z,Launch Successful,Falcon 9 Block 5,Space Launch Complex 4E,"Vandenberg SFB, CA, USA",2026-07-02 02:58:19+00:00,,,Starlink,,
ce3db8f7-ba9b-4a2a-953c-c6c6ee926541,Falcon 9 Block 5 | Sirius SXM-11,2026-06-29T02:25:00Z,Launch Successful,Falcon 9 Block 5,Space Launch Complex 40,"Cape Canaveral SFS, FL, USA",2026-06-29 02:25:00+00:00,,,Commercial / Other,,
0740c699-9877-4331-8aef-4e29ea6281c0,Falcon 9 Block 5 | Starlink Group 17-40,2026-06-28T16:09:18Z,Launch Successful,Falcon 9 Block 5,Space Launch Complex 4E,"Vandenberg SFB, CA, USA",2026-06-28 16:09:18+00:00,,,Starlink,,
a4fb0d1a-2655-4552-b950-f2f6340ef85a,Falcon 9 Block 5 | Starlink Group 17-45,2026-06-25T03:30:38Z,Launch Successful,Falcon 9 Block 5,Space Launch Complex 4E,"Vandenberg SFB, CA, USA",2026-06-25 03:30:38+00:00,,,Starlink,,
74bf8472-9ba1-42d6-9245-b014f8e91de9,Falcon 9 Block 5 | Project Starfall Demonstration Mission,2026-06-23T10:53:00Z,Launch Successful,Falcon 9 Block 5,Space Launch Complex 40,"Cape Canaveral SFS, FL, USA",2026-06-23 10:53:00+00:00,,,Commercial / Other,,
de5fbae3-66b9-4bbf-8938-4d55f3318c07,Falcon 9 Block 5 | Starlink Group 17-28,2026-06-21T16:39:06Z,Launch Successful,Falcon 9 Block 5,Space Launch Complex 4E,"Vandenberg SFB, CA, USA",2026-06-21 16:39:06+00:00,,,Starlink,,
5d4099bf-a0be-4f54-b236-b6ab3aed4146,Falcon 9 Block 5 | NROL-179,2026-06-19T08:50:45Z,Launch Successful,Falcon 9 Block 5,Space Launch Complex 4E,"Vandenberg SFB, CA, USA",2026-06-19 08:50:45+00:00,,,Government / National Security,,
c3f48f48-0e0a-4bca-917e-de494cfca35b,Falcon 9 Block 5 | BlueBird 8-10 (Block 2 #3-5),2026-06-17T06:39:00Z,Launch Successful,Falcon 9 Block 5,Space Launch Complex 40,"Cape Canaveral SFS, FL, USA",2026-06-17 06:39:00+00:00,,,Commercial / Other,,
bad5ea8c-8b17-4cb3-a063-d427fb092275,Falcon 9 Block 5 | Starlink Group 17-54,2026-06-15T15:34:35Z,Launch Successful,Falcon 9 Block 5,Space Launch Complex 4E,"Vandenberg SFB, CA, USA",2026-06-15 15:34:35+00:00,,,Starlink,,
229267d8-74ca-4d0b-8711-b2efe621fc6b,Falcon 9 Block 5 | Starlink Group 10-54,2026-06-12T12:37:00Z,Launch Successful,Falcon 9 Block 5,Space Launch Complex 40,"Cape Canaveral SFS, FL, USA",2026-06-12 12:37:00+00:00,,,Starlink,,
c7b7e18f-1b42-467e-a8ed-181fb58080e8,Falcon 9 Block 5 | Starlink Group 17-44,2026-06-11T15:05:59Z,Launch Successful,Falcon 9 Block 5,Space Launch Complex 4E,"Vandenberg SFB, CA, USA",2026-06-11 15:05:59+00:00,,,Starlink,,
114577dc-7617-461c-aaeb-9bd0f64b5a4b,Falcon 9 Block 5 | Starlink Group 10-35,2026-06-08T10:13:50Z,Launch Successful,Falcon 9 Block 5,Space Launch Complex 40,"Cape Canaveral SFS, FL, USA",2026-06-08 10:13:50+00:00,,,Starlink,,
af8d71dd-f439-47b3-91ed-57f959a581e0,Falcon 9 Block 5 | Starlink Group 17-43,2026-06-07T04:24:45Z,Launch Successful,Falcon 9 Block 5,Space Launch Complex 4E,"Vandenberg SFB, CA, USA",2026-06-07 04:24:45+00:00,,,Starlink,,
cfff5e89-af2e-46b1-9446-7b0f18de4ef7,Falcon 9 Block 5 | Starlink Group 10-43,2026-06-04T10:26:30Z,Launch Successful,Falcon 9 Block 5,Space Launch Complex 40,"Cape Canaveral SFS, FL, USA",2026-06-04 10:26:30+00:00,,,Starlink,,
4936311a-af7c-4b05-8d7b-3eea59fc0f11,Falcon 9 Block 5 | Starlink Group 17-47,2026-06-03T15:40:39Z,Launch Successful,Falcon 9 Block 5,Space Launch Complex 4E,"Vandenberg SFB, CA, USA",2026-06-03 15:40:39+00:00,,,Starlink,,
a7341350-789e-4f61-99a4-a61ebc40c05b,Falcon 9 Block 5 | Starlink Group 17-41,2026-05-30T15:25:10Z,Launch Successful,Falcon 9 Block 5,Space Launch Complex 4E,"Vandenberg SFB, CA, USA",2026-05-30 15:25:10+00:00,,,Starlink,,
384fb817-2a18-46ec-b294-613c08ecea52,Falcon 9 Block 5 | Starlink Group 10-53,2026-05-29T12:57:15Z,Launch Successful,Falcon 9 Block 5,Space Launch Complex 40,"Cape Canaveral SFS, FL, USA",2026-05-29 12:57:15+00:00,,,Starlink,,
75a35be5-b3bd-4591-b978-9a876da9fa96,Falcon 9 Block 5 | Starlink Group 17-37,2026-05-26T14:50:34Z,Launch Successful,Falcon 9 Block 5,Space Launch Complex 4E,"Vandenberg SFB, CA, USA",2026-05-26 14:50:34+00:00,,,Starlink,,
e6159040-124e-4a2a-91db-41f5a48acfd8,Falcon 9 Block 5 | Starlink Group 10-47,2026-05-25T11:48:04Z,Launch Successful,Falcon 9 Block 5,Space Launch Complex 40,"Cape Canaveral SFS, FL, USA",2026-05-25 11:48:04+00:00,,,Starlink,,
ef65c43b-faf9-4adb-9155-289eaabdd097,Falcon 9 Block 5 | Starlink Group 10-31,2026-05-21T10:04:20Z,Launch Successful,Falcon 9 Block 5,Space Launch Complex 40,"Cape Canaveral SFS, FL, USA",2026-05-21 10:04:20+00:00,,,Starlink,,
7ba18bcb-c711-4329-9fc1-7ac017fadfff,Falcon 9 Block 5 | Starlink Group 17-42,2026-05-20T02:46:19Z,Launch Successful,Falcon 9 Block 5,Space Launch Complex 4E,"Vandenberg SFB, CA, USA",2026-05-20 02:46:19+00:00,,,Starlink,,
e60aa241-1f2c-4459-ba94-2f576c3e5632,Falcon 9 Block 5 | Dragon CRS-2 SpX-34,2026-05-15T22:05:41Z,Launch Successful,Falcon 9 Block 5,Space Launch Complex 40,"Cape Canaveral SFS, FL, USA",2026-05-15 22:05:41+00:00,,,Crew / Human Spaceflight,,
24f0b5b1-f573-4cc9-8898-1eb7fd5cc0f2,Falcon 9 Block 5 | NROL-172,2026-05-12T02:13:50Z,Launch Successful,Falcon 9 Block 5,Space Launch Complex 4E,"Vandenberg SFB, CA, USA",2026-05-12 02:13:50+00:00,,,Government / National Security,,
dd82ccd7-9ab2-410a-ac41-306218015c05,Falcon 9 Block 5 | Starlink Group 17-29,2026-05-06T03:59:19Z,Launch Successful,Falcon 9 Block 5,Space Launch Complex 4E,"Vandenberg SFB, CA, USA",2026-05-06 03:59:19+00:00,,,Starlink,,
05530ccb-7184-41e7-b2e5-c090b61e0e3a,Falcon 9 Block 5 | CAS500-2 & Others,2026-05-03T07:00:00Z,Launch Successful,Falcon 9 Block 5,Space Launch Complex 4E,"Vandenberg SFB, CA, USA",2026-05-03 07:00:00+00:00,,,Commercial / Other,,
b3877a27-7332-47cb-ac46-12a32143081b,Falcon 9 Block 5 | Starlink Group 10-38,2026-05-01T18:06:10Z,Launch Successful,Falcon 9 Block 5,Space Launch Complex 40,"Cape Canaveral SFS, FL, USA",2026-05-01 18:06:10+00:00,,,Starlink,,
6bfe08b4-a35d-4297-8de7-dec0eb678eb6,Falcon 9 Block 5 | Starlink Group 17-36,2026-04-30T02:42:49Z,Launch Successful,Falcon 9 Block 5,Space Launch Complex 4E,"Vandenberg SFB, CA, USA",2026-04-30 02:42:49+00:00,,,Starlink,,
d3a6d59f-c38d-4fcd-9f5d-b091aa14afa9,Falcon 9 Block 5 | Starlink Group 17-16,2026-04-26T14:37:09Z,Launch Successful,Falcon 9 Block 5,Space Launch Complex 4E,"Vandenberg SFB, CA, USA",2026-04-26 14:37:09+00:00,,,Starlink,,
20418dc6-1870-4018-adda-1e6156717f02,Falcon 9 Block 5 | Starlink Group 17-14,2026-04-23T03:23:09Z,Launch Successful,Falcon 9 Block 5,Space Launch Complex 4E,"Vandenberg SFB, CA, USA",2026-04-23 03:23:09+00:00,,,Starlink,,
2c5686ec-b0fd-4987-935d-587e3c85fa2d,Falcon 9 Block 5 | GPS III SV10,2026-04-21T06:53:25Z,Launch Successful,Falcon 9 Block 5,Space Launch Complex 40,"Cape Canaveral SFS, FL, USA",2026-04-21 06:53:25+00:00,,,Government / National Security,,
0727a92f-0a9c-4e01-9bf4-1dc698e17e6b,Falcon 9 Block 5 | Starlink Group 17-22,2026-04-19T16:03:09Z,Launch Successful,Falcon 9 Block 5,Space Launch Complex 4E,"Vandenberg SFB, CA, USA",2026-04-19 16:03:09+00:00,,,Starlink,,
7cb38bf5-6e8b-4325-be4e-3d226be5eada,Falcon 9 Block 5 | Starlink Group 17-27,2026-04-15T04:29:49Z,Launch Successful,Falcon 9 Block 5,Space Launch Complex 4E,"Vandenberg SFB, CA, USA",2026-04-15 04:29:49+00:00,,,Starlink,,
5352577c-d94a-4e68-a0c8-b0b684621a4f,Falcon 9 Block 5 | Starlink Group 10-24,2026-04-14T09:33:10Z,Launch Successful,Falcon 9 Block 5,Space Launch Complex 40,"Cape Canaveral SFS, FL, USA",2026-04-14 09:33:10+00:00,,,Starlink,,
5ed6ab75-8c5b-4013-93e1-1deb56b14f1d,Falcon 9 Block 5 | Cygnus CRS-2 NG-24 (S.S. Steven R. Nagel),2026-04-11T11:41:21Z,Launch Successful,Falcon 9 Block 5,Space Launch Complex 40,"Cape Canaveral SFS, FL, USA",2026-04-11 11:41:21+00:00,,,Crew / Human Spaceflight,,
f6c9396f-5f02-49e6-a847-83e4c774e0e9,Falcon 9 Block 5 | Starlink Group 17-21,2026-04-11T05:04:19Z,Launch Successful,Falcon 9 Block 5,Space Launch Complex 4E,"Vandenberg SFB, CA, USA",2026-04-11 05:04:19+00:00,,,Starlink,,
becc7e9c-72cc-4eb5-a638-1af4491a5729,Falcon 9 Block 5 | Starlink Group 17-35,2026-04-07T02:50:39Z,Launch Successful,Falcon 9 Block 5,Space Launch Complex 4E,"Vandenberg SFB, CA, USA",2026-04-07 02:50:39+00:00,,,Starlink,,
63aa7636-d2b7-457f-a3e6-27e564e42941,Falcon 9 Block 5 | Starlink Group 10-58,2026-04-02T11:55:10Z,Launch Successful,Falcon 9 Block 5,Space Launch Complex 40,"Cape Canaveral SFS, FL, USA",2026-04-02 11:55:10+00:00,,,Starlink,,
10fbecb2-7624-44bc-85ce-9a22b9b9f2ec,Falcon 9 Block 5 | Starlink Group 10-44,2026-03-30T21:15:00Z,Launch Successful,Falcon 9 Block 5,Space Launch Complex 40,"Cape Canaveral SFS, FL, USA",2026-03-30 21:15:00+00:00,,,Starlink,,
fd4ba54a-df30-4318-a79b-2f9d6a38acc5,Falcon 9 Block 5 | Transporter 16 (Dedicated SSO Rideshare),2026-03-30T11:02:00Z,Launch Successful,Falcon 9 Block 5,Space Launch Complex 4E,"Vandenberg SFB, CA, USA",2026-03-30 11:02:00+00:00,,,Rideshare,,
37dd4870-43df-4a28-9d14-0e088ddc1d2a,Falcon 9 Block 5 | Starlink Group 17-17,2026-03-26T23:03:19Z,Launch Successful,Falcon 9 Block 5,Space Launch Complex 4E,"Vandenberg SFB, CA, USA",2026-03-26 23:03:19+00:00,,,Starlink,,
2ab15fcb-7a74-429d-bab0-43635b723cfd,Falcon 9 Block 5 | Starlink Group 10-62,2026-03-22T14:47:00Z,Launch Successful,Falcon 9 Block 5,Space Launch Complex 40,"Cape Canaveral SFS, FL, USA",2026-03-22 14:47:00+00:00,,,Starlink,,
1ca3ea18-b25b-4aad-9f6a-60a6434a8fa7,Falcon 9 Block 5 | Starlink Group 17-15,2026-03-20T21:51:49Z,Launch Successful,Falcon 9 Block 5,Space Launch Complex 4E,"Vandenberg SFB, CA, USA",2026-03-20 21:51:49+00:00,,,Starlink,,
890f714a-aa3c-487f-ae81-b7e654276cd5,Falcon 9 Block 5 | Starlink Group 10-33,2026-03-19T14:20:10Z,Launch Successful,Falcon 9 Block 5,Space Launch Complex 40,"Cape Canaveral SFS, FL, USA",2026-03-19 14:20:10+00:00,,,Starlink,,
f5df8e48-7612-4757-bd1b-cdb5b5a1936b,Falcon 9 Block 5 | Starlink Group 10-46,2026-03-17T13:27:34Z,Launch Successful,Falcon 9 Block 5,Space Launch Complex 40,"Cape Canaveral SFS, FL, USA",2026-03-17 13:27:34+00:00,,,Starlink,,
42e15d83-d3b0-469d-9d58-580d242f364f,Falcon 9 Block 5 | Starlink Group 17-24,2026-03-17T05:19:09Z,Launch Successful,Falcon 9 Block 5,Space Launch Complex 4E,"Vandenberg SFB, CA, USA",2026-03-17 05:19:09+00:00,,,Starlink,,
6f2868b8-1000-48e5-893b-700c1371b4fb,Falcon 9 Block 5 | Starlink Group 10-48,2026-03-14T12:37:10Z,Launch Successful,Falcon 9 Block 5,Space Launch Complex 40,"Cape Canaveral SFS, FL, USA",2026-03-14 12:37:10+00:00,,,Starlink,,
d44f47c7-5e3e-40fb-9d10-b6e851acf81a,Falcon 9 Block 5 | Starlink Group 17-31,2026-03-13T14:57:59Z,Launch Successful,Falcon 9 Block 5,Space Launch Complex 4E,"Vandenberg SFB, CA, USA",2026-03-13 14:57:59+00:00,,,Starlink,,
8701f102-a33e-450b-87b1-660679aab736,Falcon 9 Block 5 | EchoStar 25,2026-03-10T04:19:00Z,Launch Successful,Falcon 9 Block 5,Space Launch Complex 40,"Cape Canaveral SFS, FL, USA",2026-03-10 04:19:00+00:00,,,Commercial / Other,,
12e62caf-f4aa-4f28-a3bd-f9c8a44b707d,Falcon 9 Block 5 | Starlink Group 17-18,2026-03-08T11:00:19Z,Launch Successful,Falcon 9 Block 5,Space Launch Complex 4E,"Vandenberg SFB, CA, USA",2026-03-08 11:00:19+00:00,,,Starlink,,
5d5e17f4-292b-45f6-ab53-05437cf63ce0,Falcon 9 Block 5 | Starlink Group 10-40,2026-03-04T10:52:20Z,Launch Successful,Falcon 9 Block 5,Space Launch Complex 40,"Cape Canaveral SFS, FL, USA",2026-03-04 10:52:20+00:00,,,Starlink,,
3f71a8a7-118f-460c-953b-984de24aba5c,Falcon 9 Block 5 | Starlink Group 10-41,2026-03-02T02:56:40Z,Launch Successful,Falcon 9 Block 5,Space Launch Complex 40,"Cape Canaveral SFS, FL, USA",2026-03-02 02:56:40+00:00,,,Starlink,,
887eb3dc-ead1-4fef-87a1-b490e780f43a,Falcon 9 Block 5 | Starlink Group 17-23,2026-03-01T10:10:39Z,Launch Successful,Falcon 9 Block 5,Space Launch Complex 4E,"Vandenberg SFB, CA, USA",2026-03-01 10:10:39+00:00,,,Starlink,,
aeccc82e-4a01-46dc-a893-1d6d098973e2,Falcon 9 Block 5 | Starlink Group 6-108,2026-02-27T12:16:10Z,Launch Successful,Falcon 9 Block 5,Space Launch Complex 40,"Cape Canaveral SFS, FL, USA",2026-02-27 12:16:10+00:00,,,Starlink,,
742daf86-0810-4df5-8a7d-1ff72a14e261,Falcon 9 Block 5 | Starlink Group 17-26,2026-02-25T14:17:49Z,Launch Successful,Falcon 9 Block 5,Space Launch Complex 4E,"Vandenberg SFB, CA, USA",2026-02-25 14:17:49+00:00,,,Starlink,,
db5c6392-a8b5-4f97-8a38-cc147f086f00,Falcon 9 Block 5 | Starlink Group 6-110,2026-02-24T23:04:10Z,Launch Successful,Falcon 9 Block 5,Space Launch Complex 40,"Cape Canaveral SFS, FL, USA",2026-02-24 23:04:10+00:00,,,Starlink,,
49532577-7d26-49df-ada3-12a85bb8189e,Falcon 9 Block 5 | Starlink Group 6-104,2026-02-22T03:47:10Z,Launch Successful,Falcon 9 Block 5,Space Launch Complex 40,"Cape Canaveral SFS, FL, USA",2026-02-22 03:47:10+00:00,,,Starlink,,
7442d6d7-91a1-4c30-a759-3a6c16ce896c,Falcon 9 Block 5 | Starlink Group 17-25,2026-02-21T09:04:19Z,Launch Successful,Falcon 9 Block 5,Space Launch Complex 4E,"Vandenberg SFB, CA, USA",2026-02-21 09:04:19+00:00,,,Starlink,,
57cc5e9e-97c2-4833-8bcd-e4e62ce63ec6,Falcon 9 Block 5 | Starlink Group 10-36,2026-02-20T01:41:40Z,Launch Successful,Falcon 9 Block 5,Space Launch Complex 40,"Cape Canaveral SFS, FL, USA",2026-02-20 01:41:40+00:00,,,Starlink,,
a0ed15aa-4d23-48ac-a712-950228663b43,Falcon 9 Block 5 | Starlink Group 6-103,2026-02-16T07:59:40Z,Launch Successful,Falcon 9 Block 5,Space Launch Complex 40,"Cape Canaveral SFS, FL, USA",2026-02-16 07:59:40+00:00,,,Starlink,,
041e2143-60b6-4f22-a971-8336ac096bea,Falcon 9 Block 5 | Starlink Group 17-13,2026-02-15T01:59:59Z,Launch Successful,Falcon 9 Block 5,Space Launch Complex 4E,"Vandenberg SFB, CA, USA",2026-02-15 01:59:59+00:00,,,Starlink,,
862b54e3-7bf8-48e5-8cd1-d77257d5fde9,Falcon 9 Block 5 | Crew-12,2026-02-13T10:15:56Z,Launch Successful,Falcon 9 Block 5,Space Launch Complex 40,"Cape Canaveral SFS, FL, USA",2026-02-13 10:15:56+00:00,,,Crew / Human Spaceflight,,
d9c4e13d-abab-4ddc-9821-710a81d54e57,Falcon 9 Block 5 | Starlink Group 17-34,2026-02-11T17:11:29Z,Launch Successful,Falcon 9 Block 5,Space Launch Complex 4E,"Vandenberg SFB, CA, USA",2026-02-11 17:11:29+00:00,,,Starlink,,
5fd638a9-8676-4981-b398-18db6fb4e2be,Falcon 9 Block 5 | Starlink Group 17-33,2026-02-07T20:58:09Z,Launch Successful,Falcon 9 Block 5,Space Launch Complex 4E,"Vandenberg SFB, CA, USA",2026-02-07 20:58:09+00:00,,,Starlink,,
d0949d55-3057-4eda-a5d8-cee5b0a7d3ce,Falcon 9 Block 5 | Starlink Group 17-32,2026-02-02T15:47:11Z,Launch Successful,Falcon 9 Block 5,Space Launch Complex 4E,"Vandenberg SFB, CA, USA",2026-02-02 15:47:11+00:00,,,Starlink,,
5d4e8970-46cd-4c5e-9b9b-391eeb0700a6,Falcon 9 Block 5 | Starlink Group 6-101,2026-01-30T07:22:00Z,Launch Successful,Falcon 9 Block 5,Space Launch Complex 40,"Cape Canaveral SFS, FL, USA",2026-01-30 07:22:00+00:00,,,Starlink,,
5b32bfe3-2816-4a86-bf82-710d0b3660d2,Falcon 9 Block 5 | Starlink Group 17-19,2026-01-29T17:53:20Z,Launch Successful,Falcon 9 Block 5,Space Launch Complex 4E,"Vandenberg SFB, CA, USA",2026-01-29 17:53:20+00:00,,,Starlink,,
98f70f28-397a-4c0d-aeb2-e7f8a88e0323,Falcon 9 Block 5 | GPS III SV09,2026-01-28T04:53:16Z,Launch Successful,Falcon 9 Block 5,Space Launch Complex 40,"Cape Canaveral SFS, FL, USA",2026-01-28 04:53:16+00:00,,,Government / National Security,,
90a7b825-ea15-41a2-a9d3-eb532a37e499,Falcon 9 Block 5 | Starlink Group 17-20,2026-01-25T17:30:39Z,Launch Successful,Falcon 9 Block 5,Space Launch Complex 4E,"Vandenberg SFB, CA, USA",2026-01-25 17:30:39+00:00,,,Starlink,,
18292387-fbeb-43ac-97a0-1ade50bd68f1,Falcon 9 Block 5 | Starlink Group 17-30,2026-01-22T05:47:29Z,Launch Successful,Falcon 9 Block 5,Space Launch Complex 4E,"Vandenberg SFB, CA, USA",2026-01-22 05:47:29+00:00,,,Starlink,,
13979f7e-c835-4813-860f-915c8ce9e784,Falcon 9 Block 5 | Starlink Group 6-100,2026-01-18T23:31:40Z,Launch Successful,Falcon 9 Block 5,Space Launch Complex 40,"Cape Canaveral SFS, FL, USA",2026-01-18 23:31:40+00:00,,,Starlink,,
1cdbe42e-22bb-470e-9107-edcc4c902ee5,Falcon 9 Block 5 | NROL-105,2026-01-17T04:39:51Z,Launch Successful,Falcon 9 Block 5,Space Launch Complex 4E,"Vandenberg SFB, CA, USA",2026-01-17 04:39:51+00:00,,,Government / National Security,,
b8d9ff2b-a972-4e50-8fff-6c189dbe34cd,Falcon 9 Block 5 | Starlink Group 6-98,2026-01-14T18:08:20Z,Launch Successful,Falcon 9 Block 5,Space Launch Complex 40,"Cape Canaveral SFS, FL, USA",2026-01-14 18:08:20+00:00,,,Starlink,,
0fb47674-d5c3-4681-ae0a-bff4c8e43d6a,Falcon 9 Block 5 | Starlink Group 6-97,2026-01-12T21:08:20Z,Launch Successful,Falcon 9 Block 5,Space Launch Complex 40,"Cape Canaveral SFS, FL, USA",2026-01-12 21:08:20+00:00,,,Starlink,,
02700e48-65c6-4a95-8b97-c47152302283,Falcon 9 Block 5 | Pandora / Twilight rideshare mission,2026-01-11T13:44:50Z,Launch Successful,Falcon 9 Block 5,Space Launch Complex 4E,"Vandenberg SFB, CA, USA",2026-01-11 13:44:50+00:00,,,Commercial / Other,,
7e36b745-9e50-43ce-9911-ee33aa540f72,Falcon 9 Block 5 | Starlink Group 6-96,2026-01-09T21:41:00Z,Launch Successful,Falcon 9 Block 5,Space Launch Complex 40,"Cape Canaveral SFS, FL, USA",2026-01-09 21:41:00+00:00,,,Starlink,,
ae315ab0-ecda-4c54-99c6-0a8818f55b0d,Falcon 9 Block 5 | Starlink Group 6-88,2026-01-04T06:48:10Z,Launch Successful,Falcon 9 Block 5,Space Launch Complex 40,"Cape Canaveral SFS, FL, USA",2026-01-04 06:48:10+00:00,,,Starlink,,
63ddb2d1-8369-4681-8a50-e95819150382,Falcon 9 Block 5 | CSG-3,2026-01-03T02:09:16Z,Launch Successful,Falcon 9 Block 5,Space Launch Complex 4E,"Vandenberg SFB, CA, USA",2026-01-03 02:09:16+00:00,,,Commercial / Other,,
0b5da6e2-9141-427b-ab22-bcdd3ca6520a,Falcon 9 Block 5 | Starlink Group 15-13,2025-12-17T15:27:50Z,Launch Successful,Falcon 9 Block 5,Space Launch Complex 4E,"Vandenberg SFB, CA, USA",2025-12-17 15:27:50+00:00,,,Starlink,,
9d12fbac-53de-4517-9191-4697fbc07dd2,Falcon 9 Block 5 | Starlink Group 6-99,2025-12-17T13:42:10Z,Launch Successful,Falcon 9 Block 5,Launch Complex 39A,"Kennedy Space Center, FL, USA",2025-12-17 13:42:10+00:00,,,Starlink,,
49e52470-1dd4-45a9-b549-cfb417031823,Falcon 9 Block 5 | Starlink Group 6-82,2025-12-15T05:25:10Z,Launch Successful,Falcon 9 Block 5,Space Launch Complex 40,"Cape Canaveral SFS, FL, USA",2025-12-15 05:25:10+00:00,,,Starlink,,
faf4a0bc-7dad-4842-b74c-73a9f648b5cc,Falcon 9 Block 5 | Starlink Group 15-12,2025-12-14T05:49:00Z,Launch Successful,Falcon 9 Block 5,Space Launch Complex 4E,"Vandenberg SFB, CA, USA",2025-12-14 05:49:00+00:00,,,Starlink,,
bea05b91-9cfa-48da-8fe0-c85c902f25ee,Falcon 9 Block 5 | Starlink Group 6-90,2025-12-11T22:01:20Z,Launch Successful,Falcon 9 Block 5,Space Launch Complex 40,"Cape Canaveral SFS, FL, USA",2025-12-11 22:01:20+00:00,,,Starlink,,
a5f8ab2c-6a2c-4b83-a866-e6cd5bf63545,Falcon 9 Block 5 | Starlink Group 15-11,2025-12-10T11:40:30Z,Launch Successful,Falcon 9 Block 5,Space Launch Complex 4E,"Vandenberg SFB, CA, USA",2025-12-10 11:40:30+00:00,,,Starlink,,
c203e807-0955-4e32-abfe-d5c71cdf5c31,Falcon 9 Block 5 | NROL-77,2025-12-09T19:16:25Z,Launch Successful,Falcon 9 Block 5,Space Launch Complex 40,"Cape Canaveral SFS, FL, USA",2025-12-09 19:16:25+00:00,,,Government / National Security,,
c1fb73cf-ad9a-4305-bd11-d61fff369afe,Falcon 9 Block 5 | Starlink Group 6-92,2025-12-08T22:26:10Z,Launch Successful,Falcon 9 Block 5,Launch Complex 39A,"Kennedy Space Center, FL, USA",2025-12-08 22:26:10+00:00,,,Starlink,,
e9a5374e-b091-45dc-830c-d2ffa1b1ed47,Falcon 9 Block 5 | Starlink Group 11-15,2025-12-07T17:58:30Z,Launch Successful,Falcon 9 Block 5,Space Launch Complex 4E,"Vandenberg SFB, CA, USA",2025-12-07 17:58:30+00:00,,,Starlink,,
880a7824-95c4-4724-91bf-83f2a5cba740,Falcon 9 Block 5 | Starlink Group 11-25,2025-12-04T20:42:20Z,Launch Successful,Falcon 9 Block 5,Space Launch Complex 4E,"Vandenberg SFB, CA, USA",2025-12-04 20:42:20+00:00,,,Starlink,,
d1ee3587-a7f7-455c-9dc3-1624352262b4,Falcon 9 Block 5 | Starlink Group 6-95,2025-12-02T22:18:50Z,Launch Successful,Falcon 9 Block 5,Space Launch Complex 40,"Cape Canaveral SFS, FL, USA",2025-12-02 22:18:50+00:00,,,Starlink,,
2ad305ca-ca76-4383-9a6c-b6ee6dde7133,Falcon 9 Block 5 | Starlink Group 15-10,2025-12-02T05:28:20Z,Launch Successful,Falcon 9 Block 5,Space Launch Complex 4E,"Vandenberg SFB, CA, USA",2025-12-02 05:28:20+00:00,,,Starlink,,
4d61413a-5fb6-4d68-8719-d247e95a76bd,Falcon 9 Block 5 | Starlink Group 6-86,2025-12-01T07:44:10Z,Launch Successful,Falcon 9 Block 5,Launch Complex 39A,"Kennedy Space Center, FL, USA",2025-12-01 07:44:10+00:00,,,Starlink,,
dc4c201e-b11d-4650-91cc-ecc2eec95598,Falcon 9 Block 5 | Transporter 15 (Dedicated SSO Rideshare),2025-11-28T18:44:30Z,Launch Successful,Falcon 9 Block 5,Space Launch Complex 4E,"Vandenberg SFB, CA, USA",2025-11-28 18:44:30+00:00,,,Rideshare,,
8cda58f9-3fe2-43dc-8fa3-3125cbc9a754,Falcon 9 Block 5 | Starlink Group 11-30,2025-11-23T08:48:00Z,Launch Successful,Falcon 9 Block 5,Space Launch Complex 4E,"Vandenberg SFB, CA, USA",2025-11-23 08:48:00+00:00,,,Starlink,,
3a22283a-4521-429c-bf45-0d53aa0fcff3,Falcon 9 Block 5 | Starlink Group 6-79,2025-11-22T07:53:50Z,Launch Successful,Falcon 9 Block 5,Space Launch Complex 40,"Cape Canaveral SFS, FL, USA",2025-11-22 07:53:50+00:00,,,Starlink,,
f0554c45-3e52-43bb-95e5-73aa8fab53dd,Falcon 9 Block 5 | Starlink Group 6-78,2025-11-21T03:39:30Z,Launch Successful,Falcon 9 Block 5,Launch Complex 39A,"Kennedy Space Center, FL, USA",2025-11-21 03:39:30+00:00,,,Starlink,,
d124e85e-ee0f-4ab2-9be6-fd31516ddee9,Falcon 9 Block 5 | Starlink Group 6-94,2025-11-19T00:12:20Z,Launch Successful,Falcon 9 Block 5,Space Launch Complex 40,"Cape Canaveral SFS, FL, USA",2025-11-19 00:12:20+00:00,,,Starlink,,
a5e8c7ff-f30d-488d-8ef3-b445cbd75fd3,Falcon 9 Block 5 | Sentinel-6B,2025-11-17T05:21:42Z,Launch Successful,Falcon 9 Block 5,Space Launch Complex 4E,"Vandenberg SFB, CA, USA",2025-11-17 05:21:42+00:00,,,Commercial / Other,,
098173dc-9630-4954-ac95-bd0ec221074e,Falcon 9 Block 5 | Starlink Group 6-85,2025-11-15T06:44:20Z,Launch Successful,Falcon 9 Block 5,Space Launch Complex 40,"Cape Canaveral SFS, FL, USA",2025-11-15 06:44:20+00:00,,,Starlink,,
fdb8c931-b1ec-441e-b0ce-75f7a8799189,Falcon 9 Block 5 | Starlink Group 6-89,2025-11-15T03:08:10Z,Launch Successful,Falcon 9 Block 5,Launch Complex 39A,"Kennedy Space Center, FL, USA",2025-11-15 03:08:10+00:00,,,Starlink,,
a63253be-6084-4151-81db-57fe4d13b164,Falcon 9 Block 5 | Starlink Group 6-87,2025-11-11T03:21:30Z,Launch Successful,Falcon 9 Block 5,Space Launch Complex 40,"Cape Canaveral SFS, FL, USA",2025-11-11 03:21:30+00:00,,,Starlink,,
29e88f09-8897-4014-afa0-087ca70de9bd,Falcon 9 Block 5 | Starlink Group 10-51,2025-11-09T08:10:10Z,Launch Successful,Falcon 9 Block 5,Launch Complex 39A,"Kennedy Space Center, FL, USA",2025-11-09 08:10:10+00:00,,,Starlink,,
6602c88f-cbff-4495-b417-a184ddb0a426,Falcon 9 Block 5 | Starlink Group 11-14,2025-11-06T21:13:50Z,Launch Successful,Falcon 9 Block 5,Space Launch Complex 4E,"Vandenberg SFB, CA, USA",2025-11-06 21:13:50+00:00,,,Starlink,,
9dd2d2b7-302b-4e9e-804c-aa176f606b6f,Falcon 9 Block 5 | Starlink Group 6-81,2025-11-06T01:31:10Z,Launch Successful,Falcon 9 Block 5,Space Launch Complex 40,"Cape Canaveral SFS, FL, USA",2025-11-06 01:31:10+00:00,,,Starlink,,
41d2ac1b-a506-47ae-8e44-8b65f5d6f239,Falcon 9 Block 5 | Bandwagon 4 (Dedicated Mid-Inclination Rideshare),2025-11-02T05:09:59Z,Launch Successful,Falcon 9 Block 5,Space Launch Complex 40,"Cape Canaveral SFS, FL, USA",2025-11-02 05:09:59+00:00,,,Rideshare,,
e92f090c-cb6a-4e1a-8e07-5a97dbf1c450,Falcon 9 Block 5 | Starlink Group 11-23,2025-10-31T20:41:10Z,Launch Successful,Falcon 9 Block 5,Space Launch Complex 4E,"Vandenberg SFB, CA, USA",2025-10-31 20:41:10+00:00,,,Starlink,,
94ec1605-bd9c-47fa-9f36-69148ee4e370,Falcon 9 Block 5 | Starlink Group 10-37,2025-10-29T16:35:20Z,Launch Successful,Falcon 9 Block 5,Space Launch Complex 40,"Cape Canaveral SFS, FL, USA",2025-10-29 16:35:20+00:00,,,Starlink,,
22eb6520-2a51-4f60-b1b8-41a6bf711768,Falcon 9 Block 5 | Starlink Group 11-21,2025-10-28T00:43:49Z,Launch Successful,Falcon 9 Block 5,Space Launch Complex 4E,"Vandenberg SFB, CA, USA",2025-10-28 00:43:49+00:00,,,Starlink,,
5707ddea-8f06-4a3b-83d1-cfd8a3017637,Falcon 9 Block 5 | Starlink Group 10-21,2025-10-26T15:00:40Z,Launch Successful,Falcon 9 Block 5,Space Launch Complex 40,"Cape Canaveral SFS, FL, USA",2025-10-26 15:00:40+00:00,,,Starlink,,
b99e48e1-e424-4b4f-8523-a19259d6a6c6,Falcon 9 Block 5 | Starlink Group 11-12,2025-10-25T14:20:50Z,Launch Successful,Falcon 9 Block 5,Space Launch Complex 4E,"Vandenberg SFB, CA, USA",2025-10-25 14:20:50+00:00,,,Starlink,,
6ecd1d24-db6d-4144-8e1b-f6ba5ceae8be,Falcon 9 Block 5 | SpainSat NG II,2025-10-24T01:30:00Z,Launch Successful,Falcon 9 Block 5,Space Launch Complex 40,"Cape Canaveral SFS, FL, USA",2025-10-24 01:30:00+00:00,,,Commercial / Other,,
67c287d7-199e-4811-a43a-b540b3c4d186,Falcon 9 Block 5 | Starlink Group 11-5,2025-10-22T14:16:20Z,Launch Successful,Falcon 9 Block 5,Space Launch Complex 4E,"Vandenberg SFB, CA, USA",2025-10-22 14:16:20+00:00,,,Starlink,,
0d2920f2-87d9-4c5a-aebe-614d8baae2a2,Falcon 9 Block 5 | Starlink Group 11-19,2025-10-19T19:24:00Z,Launch Successful,Falcon 9 Block 5,Space Launch Complex 4E,"Vandenberg SFB, CA, USA",2025-10-19 19:24:00+00:00,,,Starlink,,
ed145de1-b768-43b5-8563-18ebc93b69b5,Falcon 9 Block 5 | Starlink Group 10-17,2025-10-19T17:39:40Z,Launch Successful,Falcon 9 Block 5,Space Launch Complex 40,"Cape Canaveral SFS, FL, USA",2025-10-19 17:39:40+00:00,,,Starlink,,
02348ca1-d937-441b-86fe-5002275907db,Falcon 9 Block 5 | Starlink Group 10-52,2025-10-16T09:27:10Z,Launch Successful,Falcon 9 Block 5,Space Launch Complex 40,"Cape Canaveral SFS, FL, USA",2025-10-16 09:27:10+00:00,,,Starlink,,
4b42add0-3da7-4ae7-b830-f8a1aa8dda85,Falcon 9 Block 5 | SDA Tranche 1 Transport Layer C,2025-10-15T23:06:06Z,Launch Successful,Falcon 9 Block 5,Space Launch Complex 4E,"Vandenberg SFB, CA, USA",2025-10-15 23:06:06+00:00,,,Commercial / Other,,
88d03398-af55-4bca-967e-bfe868a3cbf5,Falcon 9 Block 5 | Amazon Leo (KF-03),2025-10-14T01:58:00Z,Launch Successful,Falcon 9 Block 5,Space Launch Complex 40,"Cape Canaveral SFS, FL, USA",2025-10-14 01:58:00+00:00,,,Commercial / Other,,
6f3212c1-3f70-42d9-9280-1d9c2832e264,Falcon 9 Block 5 | Starlink Group 11-17,2025-10-08T03:54:00Z,Launch Successful,Falcon 9 Block 5,Space Launch Complex 4E,"Vandenberg SFB, CA, USA",2025-10-08 03:54:00+00:00,,,Starlink,,
a99bb1eb-514b-4a93-ac49-5e14f273f250,Falcon 9 Block 5 | Starlink Group 10-59,2025-10-07T06:46:10Z,Launch Successful,Falcon 9 Block 5,Space Launch Complex 40,"Cape Canaveral SFS, FL, USA",2025-10-07 06:46:10+00:00,,,Starlink,,
969a026c-709c-46da-ab80-bacd0126b209,Falcon 9 Block 5 | Starlink Group 11-39,2025-10-03T14:06:50Z,Launch Successful,Falcon 9 Block 5,Space Launch Complex 4E,"Vandenberg SFB, CA, USA",2025-10-03 14:06:50+00:00,,,Starlink,,
ee1f78af-5240-4909-a6f1-54f03de8dd93,Falcon 9 Block 5 | Starlink Group 11-20,2025-09-29T02:04:50Z,Launch Successful,Falcon 9 Block 5,Space Launch Complex 4E,"Vandenberg SFB, CA, USA",2025-09-29 02:04:50+00:00,,,Starlink,,
018c85ab-533f-4a9c-8b25-a03ca8e824d1,Falcon 9 Block 5 | Starlink Group 17-11,2025-09-26T04:26:29Z,Launch Successful,Falcon 9 Block 5,Space Launch Complex 4E,"Vandenberg SFB, CA, USA",2025-09-26 04:26:29+00:00,,,Starlink,,
c717d2b5-e39c-45a3-9f89-ce73526852eb,Falcon 9 Block 5 | Starlink Group 10-15,2025-09-25T08:39:00Z,Launch Successful,Falcon 9 Block 5,Space Launch Complex 40,"Cape Canaveral SFS, FL, USA",2025-09-25 08:39:00+00:00,,,Starlink,,
689d7129-10fa-4df9-b81e-2b8fb926bbaf,Falcon 9 Block 5 | IMAP & others,2025-09-24T11:30:50Z,Launch Successful,Falcon 9 Block 5,Launch Complex 39A,"Kennedy Space Center, FL, USA",2025-09-24 11:30:50+00:00,,,Commercial / Other,,
86d62815-9266-481b-951e-e53670d27341,Falcon 9 Block 5 | NROL-48,2025-09-22T17:38:00Z,Launch Successful,Falcon 9 Block 5,Space Launch Complex 4E,"Vandenberg SFB, CA, USA",2025-09-22 17:38:00+00:00,,,Government / National Security,,
161ca0fe-fef2-40a3-88f8-de777c7fc895,Falcon 9 Block 5 | Starlink Group 10-27,2025-09-21T10:53:00Z,Launch Successful,Falcon 9 Block 5,Space Launch Complex 40,"Cape Canaveral SFS, FL, USA",2025-09-21 10:53:00+00:00,,,Starlink,,
64b19cd9-9b2a-4724-890b-6a7001eb3644,Falcon 9 Block 5 | Starlink Group 17-12,2025-09-19T16:31:39Z,Launch Successful,Falcon 9 Block 5,Space Launch Complex 4E,"Vandenberg SFB, CA, USA",2025-09-19 16:31:39+00:00,,,Starlink,,
09678f8e-d3e5-4e26-87c1-d9b9141c1f61,Falcon 9 Block 5 | Starlink Group 10-61,2025-09-18T09:30:00Z,Launch Successful,Falcon 9 Block 5,Space Launch Complex 40,"Cape Canaveral SFS, FL, USA",2025-09-18 09:30:00+00:00,,,Starlink,,
3bfed6d5-d65e-4133-b51a-b664bbd9d006,Falcon 9 Block 5 | Cygnus CRS-2 NG-23 (S.S. William “Willie” C. McCool),2025-09-14T22:11:48Z,Launch Successful,Falcon 9 Block 5,Space Launch Complex 40,"Cape Canaveral SFS, FL, USA",2025-09-14 22:11:48+00:00,,,Crew / Human Spaceflight,,
08fbd641-9f53-4fc8-88be-41fe7c115123,Falcon 9 Block 5 | Starlink Group 17-10,2025-09-13T17:55:49Z,Launch Successful,Falcon 9 Block 5,Space Launch Complex 4E,"Vandenberg SFB, CA, USA",2025-09-13 17:55:49+00:00,,,Starlink,,
84a2a107-1e44-4994-ad9f-430ee81a741a,Falcon 9 Block 5 | Nusantara Lima,2025-09-12T01:56:00Z,Launch Successful,Falcon 9 Block 5,Space Launch Complex 40,"Cape Canaveral SFS, FL, USA",2025-09-12 01:56:00+00:00,,,Commercial / Other,,
4ed83998-e8bc-4e53-9e07-1ae931ae712f,Falcon 9 Block 5 | SDA Tranche 1 Transport Layer B,2025-09-10T14:12:11Z,Launch Successful,Falcon 9 Block 5,Space Launch Complex 4E,"Vandenberg SFB, CA, USA",2025-09-10 14:12:11+00:00,,,Commercial / Other,,
a0310ea9-b526-4c9b-b767-90872c1cdafd,Falcon 9 Block 5 | Starlink Group 17-9,2025-09-06T18:06:39Z,Launch Successful,Falcon 9 Block 5,Space Launch Complex 4E,"Vandenberg SFB, CA, USA",2025-09-06 18:06:39+00:00,,,Starlink,,
03ecf869-f49d-4a0a-aa25-fb4377128e52,Falcon 9 Block 5 | Starlink Group 10-57,2025-09-05T12:32:30Z,Launch Successful,Falcon 9 Block 5,Launch Complex 39A,"Kennedy Space Center, FL, USA",2025-09-05 12:32:30+00:00,,,Starlink,,
2a799baa-899d-4a71-8701-d15df5d3d2c4,Falcon 9 Block 5 | Starlink Group 10-22,2025-09-03T11:56:10Z,Launch Successful,Falcon 9 Block 5,Space Launch Complex 40,"Cape Canaveral SFS, FL, USA",2025-09-03 11:56:10+00:00,,,Starlink,,
3628175d-948d-4eaa-80d2-10532869d5d0,Falcon 9 Block 5 | Starlink Group 17-8,2025-09-03T03:51:26Z,Launch Successful,Falcon 9 Block 5,Space Launch Complex 4E,"Vandenberg SFB, CA, USA",2025-09-03 03:51:26+00:00,,,Starlink,,
e0427db4-5314-4766-9471-0c70859beb7a,Falcon 9 Block 5 | Starlink Group 10-14,2025-08-31T11:49:00Z,Launch Successful,Falcon 9 Block 5,Space Launch Complex 40,"Cape Canaveral SFS, FL, USA",2025-08-31 11:49:00+00:00,,,Starlink,,
b7b6c516-70cc-443a-aec9-f97ae4333152,Falcon 9 Block 5 | Starlink Group 17-7,2025-08-30T04:59:14Z,Launch Successful,Falcon 9 Block 5,Space Launch Complex 4E,"Vandenberg SFB, CA, USA",2025-08-30 04:59:14+00:00,,,Starlink,,
a2f73993-79f6-4228-bebc-0ada6840e503,Falcon 9 Block 5 | Starlink Group 10-11,2025-08-28T08:12:00Z,Launch Successful,Falcon 9 Block 5,Launch Complex 39A,"Kennedy Space Center, FL, USA",2025-08-28 08:12:00+00:00,,,Starlink,,
1ba21ab5-9f23-4709-bf78-991831aee638,Falcon 9 Block 5 | Starlink Group 10-56,2025-08-27T11:10:40Z,Launch Successful,Falcon 9 Block 5,Space Launch Complex 40,"Cape Canaveral SFS, FL, USA",2025-08-27 11:10:40+00:00,,,Starlink,,
cad4ded9-6f24-4b6c-b4ed-b5dca4613cdd,Falcon 9 Block 5 | NAOS,2025-08-26T18:53:41Z,Launch Successful,Falcon 9 Block 5,Space Launch Complex 4E,"Vandenberg SFB, CA, USA",2025-08-26 18:53:41+00:00,,,Commercial / Other,,
e8e93778-657c-401c-9c88-3cd4c7c45c9d,Falcon 9 Block 5 | Dragon CRS-2 SpX-33,2025-08-24T06:45:36Z,Launch Successful,Falcon 9 Block 5,Space Launch Complex 40,"Cape Canaveral SFS, FL, USA",2025-08-24 06:45:36+00:00,,,Crew / Human Spaceflight,,
80af8d63-64aa-4d16-9abd-bdbe167cecb9,Falcon 9 Block 5 | Starlink Group 17-6,2025-08-22T17:04:49Z,Launch Successful,Falcon 9 Block 5,Space Launch Complex 4E,"Vandenberg SFB, CA, USA",2025-08-22 17:04:49+00:00,,,Starlink,,
2d5f2335-c3c2-4306-9dde-8ec37f348ccf,Falcon 9 Block 5 | OTV-8 (X-37B) (USSF-36),2025-08-22T03:50:00Z,Launch Successful,Falcon 9 Block 5,Launch Complex 39A,"Kennedy Space Center, FL, USA",2025-08-22 03:50:00+00:00,,,Government / National Security,,
d66bb4a0-cb32-45d8-81ba-d86e43dd3eb2,Falcon 9 Block 5 | Starlink Group 17-5,2025-08-18T16:26:49Z,Launch Successful,Falcon 9 Block 5,Space Launch Complex 4E,"Vandenberg SFB, CA, USA",2025-08-18 16:26:49+00:00,,,Starlink,,
e369a238-2746-4400-9396-62e8b7a660c5,Falcon 9 Block 5 | Starlink Group 10-20,2025-08-14T12:29:30Z,Launch Successful,Falcon 9 Block 5,Space Launch Complex 40,"Cape Canaveral SFS, FL, USA",2025-08-14 12:29:30+00:00,,,Starlink,,
258dd7cc-3e26-45bd-ac48-b58f8a501fb3,Falcon 9 Block 5 | Starlink Group 17-4,2025-08-14T05:05:37Z,Launch Successful,Falcon 9 Block 5,Space Launch Complex 4E,"Vandenberg SFB, CA, USA",2025-08-14 05:05:37+00:00,,,Starlink,,
594ae0c5-2039-4a1a-a6be-7b0940b2ed2c,Falcon 9 Block 5 | Amazon Leo (KF-02),2025-08-11T12:35:00Z,Launch Successful,Falcon 9 Block 5,Space Launch Complex 40,"Cape Canaveral SFS, FL, USA",2025-08-11 12:35:00+00:00,,,Commercial / Other,,
ebaf6c77-6f86-4d54-bf4e-137d0dc2c235,Falcon 9 Block 5 | Starlink Group 10-30,2025-08-04T07:57:50Z,Launch Successful,Falcon 9 Block 5,Space Launch Complex 40,"Cape Canaveral SFS, FL, USA",2025-08-04 07:57:50+00:00,,,Starlink,,
88b4b179-c4ed-4bd1-868d-ced568a2342a,Falcon 9 Block 5 | Crew-11,2025-08-01T15:43:42Z,Launch Successful,Falcon 9 Block 5,Launch Complex 39A,"Kennedy Space Center, FL, USA",2025-08-01 15:43:42+00:00,,,Crew / Human Spaceflight,,
77260245-22c9-4a05-8df6-af7441206c83,Falcon 9 Block 5 | Starlink Group 13-4,2025-07-31T18:35:09Z,Launch Successful,Falcon 9 Block 5,Space Launch Complex 4E,"Vandenberg SFB, CA, USA",2025-07-31 18:35:09+00:00,,,Starlink,,
760cea4c-78f9-4b98-83a5-231fc098c5ab,Falcon 9 Block 5 | Starlink Group 10-29,2025-07-30T03:37:50Z,Launch Successful,Falcon 9 Block 5,Space Launch Complex 40,"Cape Canaveral SFS, FL, USA",2025-07-30 03:37:50+00:00,,,Starlink,,
a483028f-2dda-447b-bacd-bcb534903074,Falcon 9 Block 5 | Starlink Group 17-2,2025-07-27T04:31:09Z,Launch Successful,Falcon 9 Block 5,Space Launch Complex 4E,"Vandenberg SFB, CA, USA",2025-07-27 04:31:09+00:00,,,Starlink,,
d4eba3cb-9474-41f9-9618-a90d1c0b7025,Falcon 9 Block 5 | Starlink Group 10-26,2025-07-26T09:01:40Z,Launch Successful,Falcon 9 Block 5,Space Launch Complex 40,"Cape Canaveral SFS, FL, USA",2025-07-26 09:01:40+00:00,,,Starlink,,
c1dc33ba-c9cc-4c1d-ad9f-120096f60be3,Falcon 9 Block 5 | TRACERS,2025-07-23T18:13:00Z,Launch Successful,Falcon 9 Block 5,Space Launch Complex 4E,"Vandenberg SFB, CA, USA",2025-07-23 18:13:00+00:00,,,Commercial / Other,,
5221eb56-ccb1-498c-a757-89e34cc099d7,Falcon 9 Block 5 | O3b mPower 9-10,2025-07-22T21:12:00Z,Launch Successful,Falcon 9 Block 5,Space Launch Complex 40,"Cape Canaveral SFS, FL, USA",2025-07-22 21:12:00+00:00,,,Commercial / Other,,
9f1f16e9-909b-494e-bed7-e44ec3ec66d9,Falcon 9 Block 5 | Starlink Group 17-3,2025-07-19T03:52:59Z,Launch Successful,Falcon 9 Block 5,Space Launch Complex 4E,"Vandenberg SFB, CA, USA",2025-07-19 03:52:59+00:00,,,Starlink,,
fa8460de-5bbc-42fe-8702-47bf5dde5442,Falcon 9 Block 5 | Amazon Leo (KF-01),2025-07-16T06:30:00Z,Launch Successful,Falcon 9 Block 5,Space Launch Complex 40,"Cape Canaveral SFS, FL, USA",2025-07-16 06:30:00+00:00,,,Commercial / Other,,
8a06f398-67af-409e-9fac-8de4ef3a42c4,Falcon 9 Block 5 | Starlink Group 15-2,2025-07-16T02:05:20Z,Launch Successful,Falcon 9 Block 5,Space Launch Complex 4E,"Vandenberg SFB, CA, USA",2025-07-16 02:05:20+00:00,,,Starlink,,
d54113f9-985e-4e40-a7e7-dbeb07b85b44,Falcon 9 Block 5 | Dror-1,2025-07-13T05:04:00Z,Launch Successful,Falcon 9 Block 5,Space Launch Complex 40,"Cape Canaveral SFS, FL, USA",2025-07-13 05:04:00+00:00,,,Commercial / Other,,
017fa05c-4225-44f1-81f4-94a559547238,Falcon 9 Block 5 | Starlink Group 10-28,2025-07-08T08:21:00Z,Launch Successful,Falcon 9 Block 5,Space Launch Complex 40,"Cape Canaveral SFS, FL, USA",2025-07-08 08:21:00+00:00,,,Starlink,,
17500639-e28a-429b-a8cb-02c3f47b3379,Falcon 9 Block 5 | Starlink Group 10-25,2025-07-02T06:28:10Z,Launch Successful,Falcon 9 Block 5,Space Launch Complex 40,"Cape Canaveral SFS, FL, USA",2025-07-02 06:28:10+00:00,,,Starlink,,
a6317760-1c15-4064-8b1f-fc3f68882a77,Falcon 9 Block 5 | MTG-S1,2025-07-01T21:04:00Z,Launch Successful,Falcon 9 Block 5,Launch Complex 39A,"Kennedy Space Center, FL, USA",2025-07-01 21:04:00+00:00,,,Commercial / Other,,
903b888d-7633-4104-9db3-ed3e5263759c,Falcon 9 Block 5 | Starlink Group 15-7,2025-06-28T17:13:00Z,Launch Successful,Falcon 9 Block 5,Space Launch Complex 4E,"Vandenberg SFB, CA, USA",2025-06-28 17:13:00+00:00,,,Starlink,,
6eec6708-ec59-4e83-94a9-3f861594bb0e,Falcon 9 Block 5 | Starlink Group 10-34,2025-06-28T04:26:00Z,Launch Successful,Falcon 9 Block 5,Space Launch Complex 40,"Cape Canaveral SFS, FL, USA",2025-06-28 04:26:00+00:00,,,Starlink,,
bf1ba689-89cb-4ca5-9a10-2187cbec279b,Falcon 9 Block 5 | Starlink Group 10-16,2025-06-25T19:54:50Z,Launch Successful,Falcon 9 Block 5,Space Launch Complex 40,"Cape Canaveral SFS, FL, USA",2025-06-25 19:54:50+00:00,,,Starlink,,
0805af04-c2ea-4750-9eb4-f24f89eeb5d6,Falcon 9 Block 5 | Axiom Space Mission 4,2025-06-25T06:31:52Z,Launch Successful,Falcon 9 Block 5,Launch Complex 39A,"Kennedy Space Center, FL, USA",2025-06-25 06:31:52+00:00,,,Crew / Human Spaceflight,,
0d3c2ff0-3b31-4066-8b33-5759b6866c39,Falcon 9 Block 5 | Transporter 14 (Dedicated SSO Rideshare),2025-06-23T21:25:30Z,Launch Successful,Falcon 9 Block 5,Space Launch Complex 4E,"Vandenberg SFB, CA, USA",2025-06-23 21:25:30+00:00,,,Rideshare,,
f78364d9-3c60-4c72-a410-84a499233db0,Falcon 9 Block 5 | Starlink Group 10-23,2025-06-23T05:58:30Z,Launch Successful,Falcon 9 Block 5,Space Launch Complex 40,"Cape Canaveral SFS, FL, USA",2025-06-23 05:58:30+00:00,,,Starlink,,
35c0c65c-3077-45e8-a374-790f7d202ccb,Falcon 9 Block 5 | Starlink Group 10-18,2025-06-18T05:55:10Z,Launch Successful,Falcon 9 Block 5,Space Launch Complex 40,"Cape Canaveral SFS, FL, USA",2025-06-18 05:55:10+00:00,,,Starlink,,
b9c7d6a5-49cc-4ce2-b1ef-1a4f3d049658,Falcon 9 Block 5 | Starlink Group 15-9,2025-06-17T03:36:50Z,Launch Successful,Falcon 9 Block 5,Space Launch Complex 4E,"Vandenberg SFB, CA, USA",2025-06-17 03:36:50+00:00,,,Starlink,,
f52bce97-24cc-4ee5-9140-480c68bd65cf,Falcon 9 Block 5 | Starlink Group 12-26,2025-06-13T15:29:00Z,Launch Successful,Falcon 9 Block 5,Space Launch Complex 40,"Cape Canaveral SFS, FL, USA",2025-06-13 15:29:00+00:00,,,Starlink,,
20f57212-6c6c-45c9-ba80-b4f90a470c7c,Falcon 9 Block 5 | Starlink Group 15-6,2025-06-13T01:54:50Z,Launch Successful,Falcon 9 Block 5,Space Launch Complex 4E,"Vandenberg SFB, CA, USA",2025-06-13 01:54:50+00:00,,,Starlink,,
e084e9ae-5d37-4c4c-b6a9-1bc6047086f3,Falcon 9 Block 5 | Starlink Group 12-24,2025-06-10T13:05:40Z,Launch Successful,Falcon 9 Block 5,Space Launch Complex 40,"Cape Canaveral SFS, FL, USA",2025-06-10 13:05:40+00:00,,,Starlink,,
fb36a6be-e8e1-4bb9-9833-7cf98aa91d78,Falcon 9 Block 5 | Starlink Group 15-8,2025-06-08T14:20:10Z,Launch Successful,Falcon 9 Block 5,Space Launch Complex 4E,"Vandenberg SFB, CA, USA",2025-06-08 14:20:10+00:00,,,Starlink,,
b3f7dd08-1e48-498c-8fcb-193b8d54ed6b,Falcon 9 Block 5 | Sirius SXM-10,2025-06-07T04:54:00Z,Launch Successful,Falcon 9 Block 5,Space Launch Complex 40,"Cape Canaveral SFS, FL, USA",2025-06-07 04:54:00+00:00,,,Commercial / Other,,
93f37c4a-f5d5-4c5d-b21a-a618c8540918,Falcon 9 Block 5 | Starlink Group 11-22,2025-06-04T23:40:30Z,Launch Successful,Falcon 9 Block 5,Space Launch Complex 4E,"Vandenberg SFB, CA, USA",2025-06-04 23:40:30+00:00,,,Starlink,,
0c4546c7-80f2-4a0b-8580-f9f62767e326,Falcon 9 Block 5 | Starlink Group 12-19,2025-06-03T04:43:40Z,Launch Successful,Falcon 9 Block 5,Space Launch Complex 40,"Cape Canaveral SFS, FL, USA",2025-06-03 04:43:40+00:00,,,Starlink,,
53264b64-3f01-4745-a900-f5596c0e4ef8,Falcon 9 Block 5 | Starlink Group 11-18,2025-05-31T20:10:00Z,Launch Successful,Falcon 9 Block 5,Space Launch Complex 4E,"Vandenberg SFB, CA, USA",2025-05-31 20:10:00+00:00,,,Starlink,,
7abd2e55-aee8-42f5-8eb2-b44dfda45708,Falcon 9 Block 5 | GPS III SV08,2025-05-30T17:37:59Z,Launch Successful,Falcon 9 Block 5,Space Launch Complex 40,"Cape Canaveral SFS, FL, USA",2025-05-30 17:37:59+00:00,,,Government / National Security,,
1c2d7f7c-20d1-4764-8be5-f5e651e6724e,Falcon 9 Block 5 | Starlink Group 10-32,2025-05-28T13:30:00Z,Launch Successful,Falcon 9 Block 5,Launch Complex 39A,"Kennedy Space Center, FL, USA",2025-05-28 13:30:00+00:00,,,Starlink,,
02e56635-63a6-4abc-9f27-1e30f23bc7e1,Falcon 9 Block 5 | Starlink Group 17-1,2025-05-27T16:57:15Z,Launch Successful,Falcon 9 Block 5,Space Launch Complex 4E,"Vandenberg SFB, CA, USA",2025-05-27 16:57:15+00:00,,,Starlink,,
2f3402d8-998f-4659-a5f6-ced132098d2f,Falcon 9 Block 5 | Starlink Group 12-22,2025-05-24T17:19:10Z,Launch Successful,Falcon 9 Block 5,Space Launch Complex 40,"Cape Canaveral SFS, FL, USA",2025-05-24 17:19:10+00:00,,,Starlink,,
b37179f7-1d22-4398-bd58-1d50d9d58344,Falcon 9 Block 5 | Starlink Group 11-16,2025-05-23T22:32:20Z,Launch Successful,Falcon 9 Block 5,Space Launch Complex 4E,"Vandenberg SFB, CA, USA",2025-05-23 22:32:20+00:00,,,Starlink,,
38782ad8-6826-4594-bcca-ddcee8ff25e4,Falcon 9 Block 5 | Starlink Group 12-15,2025-05-21T03:19:10Z,Launch Successful,Falcon 9 Block 5,Space Launch Complex 40,"Cape Canaveral SFS, FL, USA",2025-05-21 03:19:10+00:00,,,Starlink,,
17b4ef9c-7ee9-4a2a-a57e-dd973ecf573b,Falcon 9 Block 5 | Starlink Group 15-5,2025-05-16T13:43:50Z,Launch Successful,Falcon 9 Block 5,Space Launch Complex 4E,"Vandenberg SFB, CA, USA",2025-05-16 13:43:50+00:00,,,Starlink,,
05eef4ad-acc0-490d-822e-ce1c98f37c11,Falcon 9 Block 5 | Starlink Group 6-67,2025-05-14T16:38:50Z,Launch Successful,Falcon 9 Block 5,Space Launch Complex 40,"Cape Canaveral SFS, FL, USA",2025-05-14 16:38:50+00:00,,,Starlink,,
1166593d-ea03-42eb-b44d-80d7bd09c39a,Falcon 9 Block 5 | Starlink Group 6-83,2025-05-13T05:02:20Z,Launch Successful,Falcon 9 Block 5,Launch Complex 39A,"Kennedy Space Center, FL, USA",2025-05-13 05:02:20+00:00,,,Starlink,,
0ab25471-b026-4252-93ab-89d91c1a7f4d,Falcon 9 Block 5 | Starlink Group 15-4,2025-05-13T01:15:10Z,Launch Successful,Falcon 9 Block 5,Space Launch Complex 4E,"Vandenberg SFB, CA, USA",2025-05-13 01:15:10+00:00,,,Starlink,,
ebed9e27-bbd3-4c9c-a254-100ef978dd85,Falcon 9 Block 5 | Starlink Group 6-91,2025-05-10T06:28:00Z,Launch Successful,Falcon 9 Block 5,Space Launch Complex 40,"Cape Canaveral SFS, FL, USA",2025-05-10 06:28:00+00:00,,,Starlink,,
7b685ef7-f610-413f-bd4a-cc58aed97be2,Falcon 9 Block 5 | Starlink Group 15-3,2025-05-10T00:19:50Z,Launch Successful,Falcon 9 Block 5,Space Launch Complex 4E,"Vandenberg SFB, CA, USA",2025-05-10 00:19:50+00:00,,,Starlink,,
d5e8b971-0138-42d7-a6ba-7d43bf529d5e,Falcon 9 Block 5 | Starlink Group 6-93,2025-05-07T01:17:20Z,Launch Successful,Falcon 9 Block 5,Space Launch Complex 40,"Cape Canaveral SFS, FL, USA",2025-05-07 01:17:20+00:00,,,Starlink,,
8ffb4866-43c9-46c1-aaac-05bd37891b0a,Falcon 9 Block 5 | Starlink Group 6-84,2025-05-04T08:54:40Z,Launch Successful,Falcon 9 Block 5,Launch Complex 39A,"Kennedy Space Center, FL, USA",2025-05-04 08:54:40+00:00,,,Starlink,,
1a105ccb-e59f-48e8-b853-c424bd8cc699,Falcon 9 Block 5 | Starlink Group 6-75,2025-05-02T01:51:10Z,Launch Successful,Falcon 9 Block 5,Space Launch Complex 40,"Cape Canaveral SFS, FL, USA",2025-05-02 01:51:10+00:00,,,Starlink,,
306fbca9-d41b-44fa-b6aa-f14a7e3b887d,Falcon 9 Block 5 | Starlink Group 12-10,2025-04-29T02:34:10Z,Launch Successful,Falcon 9 Block 5,Launch Complex 39A,"Kennedy Space Center, FL, USA",2025-04-29 02:34:10+00:00,,,Starlink,,
b1605acf-4f76-4c80-9d3c-6d856dbd8a76,Falcon 9 Block 5 | Starlink Group 11-9,2025-04-28T20:42:30Z,Launch Successful,Falcon 9 Block 5,Space Launch Complex 4E,"Vandenberg SFB, CA, USA",2025-04-28 20:42:30+00:00,,,Starlink,,
8bfe9ea6-71b9-4642-be1c-c87c098e480b,Falcon 9 Block 5 | Starlink Group 12-23,2025-04-28T02:09:40Z,Launch Successful,Falcon 9 Block 5,Space Launch Complex 40,"Cape Canaveral SFS, FL, USA",2025-04-28 02:09:40+00:00,,,Starlink,,
a4f7594c-1391-4cfe-9c2b-f3abc59c3eca,Falcon 9 Block 5 | Starlink Group 6-74,2025-04-25T01:52:40Z,Launch Successful,Falcon 9 Block 5,Space Launch Complex 40,"Cape Canaveral SFS, FL, USA",2025-04-25 01:52:40+00:00,,,Starlink,,
affb557b-fd5d-4a27-b33e-5e37d03099e8,Falcon 9 Block 5 | Bandwagon 3 (Dedicated Mid-Inclination Rideshare),2025-04-22T00:48:34Z,Launch Successful,Falcon 9 Block 5,Space Launch Complex 40,"Cape Canaveral SFS, FL, USA",2025-04-22 00:48:34+00:00,,,Rideshare,,
6f25718d-40d8-4c74-be30-b70674a0dfb3,Falcon 9 Block 5 | Dragon CRS-2 SpX-32,2025-04-21T08:15:45Z,Launch Successful,Falcon 9 Block 5,Launch Complex 39A,"Kennedy Space Center, FL, USA",2025-04-21 08:15:45+00:00,,,Crew / Human Spaceflight,,
121ae1a6-dfff-4f31-9111-7841c2f09e86,Falcon 9 Block 5 | NROL-145,2025-04-20T12:29:00Z,Launch Successful,Falcon 9 Block 5,Space Launch Complex 4E,"Vandenberg SFB, CA, USA",2025-04-20 12:29:00+00:00,,,Government / National Security,,
af19169f-5738-42b4-be80-bd583293c58f,Falcon 9 Block 5 | Starlink Group 6-73,2025-04-14T04:00:10Z,Launch Successful,Falcon 9 Block 5,Space Launch Complex 40,"Cape Canaveral SFS, FL, USA",2025-04-14 04:00:10+00:00,,,Starlink,,
cfe2177c-6ff0-4ccb-95d5-c8be3510ea65,Falcon 9 Block 5 | Starlink Group 12-17,2025-04-13T00:53:30Z,Launch Successful,Falcon 9 Block 5,Launch Complex 39A,"Kennedy Space Center, FL, USA",2025-04-13 00:53:30+00:00,,,Starlink,,
88675d6b-d504-4aa6-9175-69a8610a40dd,Falcon 9 Block 5 | NROL-192,2025-04-12T12:25:00Z,Launch Successful,Falcon 9 Block 5,Space Launch Complex 4E,"Vandenberg SFB, CA, USA",2025-04-12 12:25:00+00:00,,,Government / National Security,,
505662c5-fad1-485c-9e65-b72431443c74,Falcon 9 Block 5 | Starlink Group 11-11,2025-04-07T23:06:10Z,Launch Successful,Falcon 9 Block 5,Space Launch Complex 4E,"Vandenberg SFB, CA, USA",2025-04-07 23:06:10+00:00,,,Starlink,,
c6a16e97-3191-49af-af18-5d2111b2dd26,Falcon 9 Block 5 | Starlink Group 6-72,2025-04-06T03:07:20Z,Launch Successful,Falcon 9 Block 5,Space Launch Complex 40,"Cape Canaveral SFS, FL, USA",2025-04-06 03:07:20+00:00,,,Starlink,,
ac88db1a-3416-4671-8ae5-be14ea825806,Falcon 9 Block 5 | Starlink Group 11-13,2025-04-04T01:02:50Z,Launch Successful,Falcon 9 Block 5,Space Launch Complex 4E,"Vandenberg SFB, CA, USA",2025-04-04 01:02:50+00:00,,,Starlink,,
8ce07863-00fd-4a90-b3e2-d1811a8f4f9d,Falcon 9 Block 5 | Fram2,2025-04-01T01:46:50Z,Launch Successful,Falcon 9 Block 5,Launch Complex 39A,"Kennedy Space Center, FL, USA",2025-04-01 01:46:50+00:00,,,Commercial / Other,,
a0058cfb-c868-44b6-82cb-7f4ed286b272,Falcon 9 Block 5 | Starlink Group 6-80,2025-03-31T19:52:50Z,Launch Successful,Falcon 9 Block 5,Space Launch Complex 40,"Cape Canaveral SFS, FL, USA",2025-03-31 19:52:50+00:00,,,Starlink,,
8bfaa532-18e6-4c40-9800-0714b5651f84,Falcon 9 Block 5 | Starlink Group 11-7,2025-03-26T22:11:40Z,Launch Successful,Falcon 9 Block 5,Space Launch Complex 4E,"Vandenberg SFB, CA, USA",2025-03-26 22:11:40+00:00,,,Starlink,,
c985cc7c-25ce-4bff-81ba-3b07334dae42,Falcon 9 Block 5 | NROL-69,2025-03-24T17:48:00Z,Launch Successful,Falcon 9 Block 5,Space Launch Complex 40,"Cape Canaveral SFS, FL, USA",2025-03-24 17:48:00+00:00,,,Government / National Security,,
171bf3b5-9b1c-4bd8-b64c-111257d06131,Falcon 9 Block 5 | NROL-57,2025-03-21T06:49:00Z,Launch Successful,Falcon 9 Block 5,Space Launch Complex 4E,"Vandenberg SFB, CA, USA",2025-03-21 06:49:00+00:00,,,Government / National Security,,
ff04cc6f-981d-4b55-8368-3b8a59c1120e,Falcon 9 Block 5 | Starlink Group 12-25,2025-03-18T19:57:50Z,Launch Successful,Falcon 9 Block 5,Space Launch Complex 40,"Cape Canaveral SFS, FL, USA",2025-03-18 19:57:50+00:00,,,Starlink,,
721a8641-458c-49ee-8442-2ef5b6fba880,Falcon 9 Block 5 | Starlink Group 12-16,2025-03-15T11:35:10Z,Launch Successful,Falcon 9 Block 5,Space Launch Complex 40,"Cape Canaveral SFS, FL, USA",2025-03-15 11:35:10+00:00,,,Starlink,,
4c2dfc7b-22f9-4695-8b13-46b7703871fc,Falcon 9 Block 5 | Transporter 13 (Dedicated SSO Rideshare),2025-03-15T06:43:00Z,Launch Successful,Falcon 9 Block 5,Space Launch Complex 4E,"Vandenberg SFB, CA, USA",2025-03-15 06:43:00+00:00,,,Rideshare,,
fb39ac94-5e74-4ee9-afc5-df19c4132b28,Falcon 9 Block 5 | Crew-10,2025-03-14T23:03:48Z,Launch Successful,Falcon 9 Block 5,Launch Complex 39A,"Kennedy Space Center, FL, USA",2025-03-14 23:03:48+00:00,,,Crew / Human Spaceflight,,
f616e759-a083-442d-bd10-328ace929e9b,Falcon 9 Block 5 | Starlink Group 12-21,2025-03-13T02:35:30Z,Launch Successful,Falcon 9 Block 5,Space Launch Complex 40,"Cape Canaveral SFS, FL, USA",2025-03-13 02:35:30+00:00,,,Starlink,,
800351fd-0bfb-4473-a07c-f19161976877,Falcon 9 Block 5 | SPHEREx & PUNCH,2025-03-12T03:10:12Z,Launch Successful,Falcon 9 Block 5,Space Launch Complex 4E,"Vandenberg SFB, CA, USA",2025-03-12 03:10:12+00:00,,,Commercial / Other,,
21fa8a9b-d2c6-4434-b510-96afb6ca1dd1,Falcon 9 Block 5 | Starlink Group 12-20,2025-03-03T02:24:00Z,Launch Successful,Falcon 9 Block 5,Space Launch Complex 40,"Cape Canaveral SFS, FL, USA",2025-03-03 02:24:00+00:00,,,Starlink,,
ce4b7780-7875-41c8-9ab1-c731eb5c7623,Falcon 9 Block 5 | Starlink Group 12-13,2025-02-27T03:34:20Z,Launch Successful,Falcon 9 Block 5,Space Launch Complex 40,"Cape Canaveral SFS, FL, USA",2025-02-27 03:34:20+00:00,,,Starlink,,
fd0fbaac-d079-4027-98b0-bcf25c15a166,Falcon 9 Block 5 | Nova-C IM-2 & Others,2025-02-27T00:16:30Z,Launch Successful,Falcon 9 Block 5,Launch Complex 39A,"Kennedy Space Center, FL, USA",2025-02-27 00:16:30+00:00,,,Commercial / Other,,
2b616a35-e7b7-497b-8cf1-ef26528b99de,Falcon 9 Block 5 | Starlink Group 15-1,2025-02-23T01:38:20Z,Launch Successful,Falcon 9 Block 5,Space Launch Complex 4E,"Vandenberg SFB, CA, USA",2025-02-23 01:38:20+00:00,,,Starlink,,
e97293bd-0594-428c-949d-367b5638da1b,Falcon 9 Block 5 | Starlink Group 12-14,2025-02-21T15:19:00Z,Launch Successful,Falcon 9 Block 5,Space Launch Complex 40,"Cape Canaveral SFS, FL, USA",2025-02-21 15:19:00+00:00,,,Starlink,,
4571a6a4-5d5b-4126-ba16-65d4581e7d73,Falcon 9 Block 5 | Starlink Group 10-12,2025-02-18T23:21:50Z,Launch Successful,Falcon 9 Block 5,Space Launch Complex 40,"Cape Canaveral SFS, FL, USA",2025-02-18 23:21:50+00:00,,,Starlink,,
8c960a9e-ff4a-4390-a331-e1928186df5f,Falcon 9 Block 5 | Starlink Group 12-8,2025-02-15T06:14:10Z,Launch Successful,Falcon 9 Block 5,Space Launch Complex 40,"Cape Canaveral SFS, FL, USA",2025-02-15 06:14:10+00:00,,,Starlink,,
a2f29d72-f4ce-428d-b48a-fffe1780d84a,Falcon 9 Block 5 | Starlink Group 12-18,2025-02-11T18:53:20Z,Launch Successful,Falcon 9 Block 5,Space Launch Complex 40,"Cape Canaveral SFS, FL, USA",2025-02-11 18:53:20+00:00,,,Starlink,,
e4c34b02-4b70-495b-9bc9-5cd19788ff2c,Falcon 9 Block 5 | Starlink Group 11-10,2025-02-11T02:09:40Z,Launch Successful,Falcon 9 Block 5,Space Launch Complex 4E,"Vandenberg SFB, CA, USA",2025-02-11 02:09:40+00:00,,,Starlink,,
fb0df8b6-7b94-4e49-93e0-5389755fc970,Falcon 9 Block 5 | Starlink Group 12-9,2025-02-08T19:18:30Z,Launch Successful,Falcon 9 Block 5,Space Launch Complex 40,"Cape Canaveral SFS, FL, USA",2025-02-08 19:18:30+00:00,,,Starlink,,
6632587d-9290-4cee-8a9c-ef91c61a7064,Falcon 9 Block 5 | WorldView Legion 5 & 6,2025-02-04T23:13:00Z,Launch Successful,Falcon 9 Block 5,Launch Complex 39A,"Kennedy Space Center, FL, USA",2025-02-04 23:13:00+00:00,,,Commercial / Other,,
028d5699-11ea-4309-9266-5f9c2372219f,Falcon 9 Block 5 | Starlink Group 12-3,2025-02-04T10:15:00Z,Launch Successful,Falcon 9 Block 5,Space Launch Complex 40,"Cape Canaveral SFS, FL, USA",2025-02-04 10:15:00+00:00,,,Starlink,,
6f18e0ac-ef45-4658-89b1-1cbf48c821ae,Falcon 9 Block 5 | Starlink Group 11-4,2025-02-01T23:02:10Z,Launch Successful,Falcon 9 Block 5,Space Launch Complex 4E,"Vandenberg SFB, CA, USA",2025-02-01 23:02:10+00:00,,,Starlink,,
a22c6e2c-17ec-4fe4-ad82-d7cec52011bb,Falcon 9 Block 5 | SpainSat NG I,2025-01-30T01:34:00Z,Launch Successful,Falcon 9 Block 5,Launch Complex 39A,"Kennedy Space Center, FL, USA",2025-01-30 01:34:00+00:00,,,Commercial / Other,,
32e2c0d2-55ad-424f-9241-c3fd3a322a1e,Falcon 9 Block 5 | Starlink Group 12-7,2025-01-27T22:05:00Z,Launch Successful,Falcon 9 Block 5,Space Launch Complex 40,"Cape Canaveral SFS, FL, USA",2025-01-27 22:05:00+00:00,,,Starlink,,
0d989b81-7ddf-45a3-80d8-703f2728b8d9,Falcon 9 Block 5 | Starlink Group 11-6,2025-01-24T14:07:00Z,Launch Successful,Falcon 9 Block 5,Space Launch Complex 4E,"Vandenberg SFB, CA, USA",2025-01-24 14:07:00+00:00,,,Starlink,,
f42de197-184e-48be-85ca-01b74e7fae5b,Falcon 9 Block 5 | Starlink Group 11-8,2025-01-21T15:45:50Z,Launch Successful,Falcon 9 Block 5,Space Launch Complex 4E,"Vandenberg SFB, CA, USA",2025-01-21 15:45:50+00:00,,,Starlink,,
626c9bf7-261d-4acb-9031-4d80ae271678,Falcon 9 Block 5 | Starlink Group 13-1,2025-01-21T05:24:50Z,Launch Successful,Falcon 9 Block 5,Launch Complex 39A,"Kennedy Space Center, FL, USA",2025-01-21 05:24:50+00:00,,,Starlink,,
9a30d934-fa56-4fe5-81df-7c4b24386da2,Falcon 9 Block 5 | Blue Ghost Lunar Lander Mission 1 & Hakuto-R M2 “Resilience”,2025-01-15T06:11:39Z,Launch Successful,Falcon 9 Block 5,Launch Complex 39A,"Kennedy Space Center, FL, USA",2025-01-15 06:11:39+00:00,,,Commercial / Other,,
02b28510-be7b-43c1-ab97-b3671ab6813d,Falcon 9 Block 5 | Transporter 12 (Dedicated SSO Rideshare),2025-01-14T19:09:00Z,Launch Successful,Falcon 9 Block 5,Space Launch Complex 4E,"Vandenberg SFB, CA, USA",2025-01-14 19:09:00+00:00,,,Rideshare,,
a07622a2-2b91-4050-886e-20ccd76d449a,Falcon 9 Block 5 | Starlink Group 12-4,2025-01-13T16:47:09Z,Launch Successful,Falcon 9 Block 5,Space Launch Complex 40,"Cape Canaveral SFS, FL, USA",2025-01-13 16:47:09+00:00,,,Starlink,,
b56beca9-d106-4fde-8614-906ad04bef9a,Falcon 9 Block 5 | Starlink Group 12-12,2025-01-10T19:11:20Z,Launch Successful,Falcon 9 Block 5,Space Launch Complex 40,"Cape Canaveral SFS, FL, USA",2025-01-10 19:11:20+00:00,,,Starlink,,
f9308f6c-9576-4543-b2df-f5c0304c6a90,Falcon 9 Block 5 | NROL-153,2025-01-10T03:53:49Z,Launch Successful,Falcon 9 Block 5,Space Launch Complex 4E,"Vandenberg SFB, CA, USA",2025-01-10 03:53:49+00:00,,,Government / National Security,,
02a67327-807e-483f-ac6c-963a3fa22a5b,Falcon 9 Block 5 | Starlink Group 12-11,2025-01-08T15:27:00Z,Launch Successful,Falcon 9 Block 5,Launch Complex 39A,"Kennedy Space Center, FL, USA",2025-01-08 15:27:00+00:00,,,Starlink,,
957f00c7-bcb4-4fe6-ac14-c35f11874104,Falcon 9 Block 5 | Starlink Group 6-71,2025-01-06T20:43:59Z,Launch Successful,Falcon 9 Block 5,Space Launch Complex 40,"Cape Canaveral SFS, FL, USA",2025-01-06 20:43:59+00:00,,,Starlink,,
0a9a511a-7ea1-4402-8555-e087f580a5c4,Falcon 9 Block 5 | Thuraya 4-NGS,2025-01-04T01:27:00Z,Launch Successful,Falcon 9 Block 5,Space Launch Complex 40,"Cape Canaveral SFS, FL, USA",2025-01-04 01:27:00+00:00,,,Commercial / Other,,
58e080d1-90cd-42ac-8152-9f56fc580f8d,Falcon 9 Block 5 | Starlink Group 12-6,2024-12-31T05:39:10Z,Launch Successful,Falcon 9 Block 5,Launch Complex 39A,"Kennedy Space Center, FL, USA",2024-12-31 05:39:10+00:00,,,Starlink,,
33bf462e-796f-441c-bc36-206ba52bb90e,Falcon 9 Block 5 | Astranis: From One to Many (4x Astranis MicroGEO),2024-12-29T05:00:00Z,Launch Successful,Falcon 9 Block 5,Space Launch Complex 40,"Cape Canaveral SFS, FL, USA",2024-12-29 05:00:00+00:00,,,Commercial / Other,,
eea43b3f-eddc-437a-ada5-8e23286f1eef,Falcon 9 Block 5 | Starlink Group 11-3,2024-12-29T01:58:30Z,Launch Successful,Falcon 9 Block 5,Space Launch Complex 4E,"Vandenberg SFB, CA, USA",2024-12-29 01:58:30+00:00,,,Starlink,,
9ba9d2de-f94b-4cca-b395-ee83b4b46b28,Falcon 9 Block 5 | Starlink Group 12-2,2024-12-23T05:35:30Z,Launch Successful,Falcon 9 Block 5,Launch Complex 39A,"Kennedy Space Center, FL, USA",2024-12-23 05:35:30+00:00,,,Starlink,,
50a1337c-db6f-4bf4-b7b0-919c9fca906e,Falcon 9 Block 5 | Bandwagon 2 (Dedicated Mid-Inclination Rideshare),2024-12-21T11:34:24Z,Launch Successful,Falcon 9 Block 5,Space Launch Complex 4E,"Vandenberg SFB, CA, USA",2024-12-21 11:34:24+00:00,,,Rideshare,,
8ee42a39-0851-4674-9815-95b62e9a2c4b,Falcon 9 Block 5 | O3b mPower 7 & 8,2024-12-17T22:26:00Z,Launch Successful,Falcon 9 Block 5,Launch Complex 39A,"Kennedy Space Center, FL, USA",2024-12-17 22:26:00+00:00,,,Commercial / Other,,
a889a7d1-844f-40c5-adcc-4bc54f43a51d,Falcon 9 Block 5 | NROL-149,2024-12-17T13:19:00Z,Launch Successful,Falcon 9 Block 5,Space Launch Complex 4E,"Vandenberg SFB, CA, USA",2024-12-17 13:19:00+00:00,,,Government / National Security,,
99570ecf-f7e4-40ec-b84a-5758425a6d99,Falcon 9 Block 5 | GPS III SV07 (RRT-1),2024-12-17T00:52:00Z,Launch Successful,Falcon 9 Block 5,Space Launch Complex 40,"Cape Canaveral SFS, FL, USA",2024-12-17 00:52:00+00:00,,,Government / National Security,,
c0da2601-59db-4529-bb05-b3908e964890,Falcon 9 Block 5 | Starlink Group 11-2,2024-12-13T21:55:40Z,Launch Successful,Falcon 9 Block 5,Space Launch Complex 4E,"Vandenberg SFB, CA, USA",2024-12-13 21:55:40+00:00,,,Starlink,,
d1b5f507-66a9-450a-86ac-b7b86c34eee4,Falcon 9 Block 5 | Starlink Group 12-5,2024-12-08T05:12:30Z,Launch Successful,Falcon 9 Block 5,Space Launch Complex 40,"Cape Canaveral SFS, FL, USA",2024-12-08 05:12:30+00:00,,,Starlink,,
ae15ed89-63fa-4256-8b71-cb3c30e23e31,Falcon 9 Block 5 | Sirius SXM-9,2024-12-05T16:10:00Z,Launch Successful,Falcon 9 Block 5,Launch Complex 39A,"Kennedy Space Center, FL, USA",2024-12-05 16:10:00+00:00,,,Commercial / Other,,
a757f8b0-4e5c-4223-bc27-361a8206a3bf,Falcon 9 Block 5 | Starlink Group 9-14,2024-12-05T03:05:00Z,Launch Successful,Falcon 9 Block 5,Space Launch Complex 4E,"Vandenberg SFB, CA, USA",2024-12-05 03:05:00+00:00,,,Starlink,,
f50d89cf-7c9a-4b7e-bc6e-f7e59950995d,Falcon 9 Block 5 | Starlink Group 6-70,2024-12-04T10:13:10Z,Launch Successful,Falcon 9 Block 5,Space Launch Complex 40,"Cape Canaveral SFS, FL, USA",2024-12-04 10:13:10+00:00,,,Starlink,,
fed1b36f-965c-46ac-bb4d-8154930c4492,Falcon 9 Block 5 | NROL-126,2024-11-30T08:10:00Z,Launch Successful,Falcon 9 Block 5,Space Launch Complex 4E,"Vandenberg SFB, CA, USA",2024-11-30 08:10:00+00:00,,,Government / National Security,,
7beb2fcf-acb3-4cf1-b31b-f2655416d1ed,Falcon 9 Block 5 | Starlink Group 6-65,2024-11-30T05:00:00Z,Launch Successful,Falcon 9 Block 5,Space Launch Complex 40,"Cape Canaveral SFS, FL, USA",2024-11-30 05:00:00+00:00,,,Starlink,,
ffc148dc-76cc-4c5e-95b6-c2c78d6f0ba6,Falcon 9 Block 5 | Starlink Group 6-76,2024-11-27T04:41:30Z,Launch Successful,Falcon 9 Block 5,Launch Complex 39A,"Kennedy Space Center, FL, USA",2024-11-27 04:41:30+00:00,,,Starlink,,
0e6efb5d-045a-4f4c-a79a-f6889f1cc960,Falcon 9 Block 5 | Starlink Group 12-1,2024-11-25T10:02:20Z,Launch Successful,Falcon 9 Block 5,Space Launch Complex 40,"Cape Canaveral SFS, FL, USA",2024-11-25 10:02:20+00:00,,,Starlink,,
f2e861e9-f956-4bad-8318-3d669ba5aedb,Falcon 9 Block 5 | Starlink Group 9-13,2024-11-24T05:25:30Z,Launch Successful,Falcon 9 Block 5,Space Launch Complex 4E,"Vandenberg SFB, CA, USA",2024-11-24 05:25:30+00:00,,,Starlink,,
168b41aa-14bd-4001-a47d-bfe69c4c20e6,Falcon 9 Block 5 | Starlink Group 6-66,2024-11-21T16:07:50Z,Launch Successful,Falcon 9 Block 5,Space Launch Complex 40,"Cape Canaveral SFS, FL, USA",2024-11-21 16:07:50+00:00,,,Starlink,,
a0809bf8-a2f2-48e1-92da-1d8c21180e25,Falcon 9 Block 5 | GSAT-20 (GSAT-N2),2024-11-18T18:31:00Z,Launch Successful,Falcon 9 Block 5,Space Launch Complex 40,"Cape Canaveral SFS, FL, USA",2024-11-18 18:31:00+00:00,,,Commercial / Other,,
eddda4b4-c9af-4383-a97e-17372a0f39fc,Falcon 9 Block 5 | Starlink Group 9-12,2024-11-18T05:53:30Z,Launch Successful,Falcon 9 Block 5,Space Launch Complex 4E,"Vandenberg SFB, CA, USA",2024-11-18 05:53:30+00:00,,,Starlink,,
4509981c-8f3f-41aa-8235-d08f5c79c6c0,Falcon 9 Block 5 | Optus-X/TD7,2024-11-17T22:28:00Z,Launch Successful,Falcon 9 Block 5,Launch Complex 39A,"Kennedy Space Center, FL, USA",2024-11-17 22:28:00+00:00,,,Commercial / Other,,
aa398317-710b-460b-837f-7fbb7f00ccfa,Falcon 9 Block 5 | Starlink Group 6-68,2024-11-14T13:21:00Z,Launch Successful,Falcon 9 Block 5,Space Launch Complex 40,"Cape Canaveral SFS, FL, USA",2024-11-14 13:21:00+00:00,,,Starlink,,
32727766-26b9-41b1-bdc4-1e7241806c92,Falcon 9 Block 5 | Starlink Group 9-11,2024-11-14T05:23:00Z,Launch Successful,Falcon 9 Block 5,Space Launch Complex 4E,"Vandenberg SFB, CA, USA",2024-11-14 05:23:00+00:00,,,Starlink,,
ce986507-bfc1-43fb-953d-3f30e7c5f48f,Falcon 9 Block 5 | Starlink Group 6-69,2024-11-11T21:28:00Z,Launch Successful,Falcon 9 Block 5,Space Launch Complex 40,"Cape Canaveral SFS, FL, USA",2024-11-11 21:28:00+00:00,,,Starlink,,
a9fa3ed5-4988-4a72-b262-454e7b03ab50,Falcon 9 Block 5 | Koreasat 6A,2024-11-11T17:22:00Z,Launch Successful,Falcon 9 Block 5,Launch Complex 39A,"Kennedy Space Center, FL, USA",2024-11-11 17:22:00+00:00,,,Commercial / Other,,
be86d592-5eb7-4565-ac7b-02de845d838e,Falcon 9 Block 5 | Starlink Group 9-10,2024-11-09T06:14:00Z,Launch Successful,Falcon 9 Block 5,Space Launch Complex 4E,"Vandenberg SFB, CA, USA",2024-11-09 06:14:00+00:00,,,Starlink,,
507a6df7-1c52-464a-a003-19aad7f6113e,Falcon 9 Block 5 | Starlink Group 6-77,2024-11-07T20:19:00Z,Launch Successful,Falcon 9 Block 5,Space Launch Complex 40,"Cape Canaveral SFS, FL, USA",2024-11-07 20:19:00+00:00,,,Starlink,,
f97bce95-052e-4fa9-80e8-dbedf16bc516,Falcon 9 Block 5 | Dragon CRS-2 SpX-31,2024-11-05T02:29:31Z,Launch Successful,Falcon 9 Block 5,Launch Complex 39A,"Kennedy Space Center, FL, USA",2024-11-05 02:29:31+00:00,,,Crew / Human Spaceflight,,
48284305-279a-4118-9ae4-e2139db038b4,Falcon 9 Block 5 | Starlink Group 10-13,2024-10-30T21:10:00Z,Launch Successful,Falcon 9 Block 5,Space Launch Complex 40,"Cape Canaveral SFS, FL, USA",2024-10-30 21:10:00+00:00,,,Starlink,,
eed1132a-d5aa-4c9c-bc38-c8ccb98829b6,Falcon 9 Block 5 | Starlink Group 9-9,2024-10-30T12:07:00Z,Launch Successful,Falcon 9 Block 5,Space Launch Complex 4E,"Vandenberg SFB, CA, USA",2024-10-30 12:07:00+00:00,,,Starlink,,
d20c9252-f257-48a8-8d95-443188267c57,Falcon 9 Block 5 | Starlink Group 10-8,2024-10-26T21:47:00Z,Launch Successful,Falcon 9 Block 5,Space Launch Complex 40,"Cape Canaveral SFS, FL, USA",2024-10-26 21:47:00+00:00,,,Starlink,,
9048f0e1-c1b7-40f1-9555-c021b0b94283,Falcon 9 Block 5 | NROL-167,2024-10-24T17:14:00Z,Launch Successful,Falcon 9 Block 5,Space Launch Complex 4E,"Vandenberg SFB, CA, USA",2024-10-24 17:14:00+00:00,,,Government / National Security,,
beb6bfff-c584-42d9-9fea-e3e82a5fd32a,Falcon 9 Block 5 | Starlink Group 6-61,2024-10-23T21:47:00Z,Launch Successful,Falcon 9 Block 5,Space Launch Complex 40,"Cape Canaveral SFS, FL, USA",2024-10-23 21:47:00+00:00,,,Starlink,,
525ed290-dd97-4187-9118-d71f0b8285be,Falcon 9 Block 5 | OneWeb 20,2024-10-20T05:13:00Z,Launch Successful,Falcon 9 Block 5,Space Launch Complex 4E,"Vandenberg SFB, CA, USA",2024-10-20 05:13:00+00:00,,,Commercial / Other,,
5f9fa9b2-e6f4-4e68-b4c8-2b1586cc5fba,Falcon 9 Block 5 | Starlink Group 8-19,2024-10-18T23:31:00Z,Launch Successful,Falcon 9 Block 5,Space Launch Complex 40,"Cape Canaveral SFS, FL, USA",2024-10-18 23:31:00+00:00,,,Starlink,,
e2a88842-5e57-468a-b151-92324df9c17e,Falcon 9 Block 5 | Starlink Group 9-7,2024-10-15T08:21:00Z,Launch Successful,Falcon 9 Block 5,Space Launch Complex 4E,"Vandenberg SFB, CA, USA",2024-10-15 08:21:00+00:00,,,Starlink,,
9d576892-dcf0-472b-92d1-37053ff549ab,Falcon 9 Block 5 | Starlink Group 10-10,2024-10-15T06:10:00Z,Launch Successful,Falcon 9 Block 5,Space Launch Complex 40,"Cape Canaveral SFS, FL, USA",2024-10-15 06:10:00+00:00,,,Starlink,,
e1ffdd01-c146-44d0-a250-b845dc2eb20d,Falcon 9 Block 5 | Hera,2024-10-07T14:52:11Z,Launch Successful,Falcon 9 Block 5,Space Launch Complex 40,"Cape Canaveral SFS, FL, USA",2024-10-07 14:52:11+00:00,,,Commercial / Other,,
0102940a-4a60-4686-b34d-ced3fed6c595,Falcon 9 Block 5 | Crew-9,2024-09-28T17:17:21Z,Launch Successful,Falcon 9 Block 5,Space Launch Complex 40,"Cape Canaveral SFS, FL, USA",2024-09-28 17:17:21+00:00,,,Crew / Human Spaceflight,,
f97e9181-c9cd-4e68-9c19-68ddb5e80763,Falcon 9 Block 5 | Starlink Group 9-8,2024-09-25T04:01:20Z,Launch Successful,Falcon 9 Block 5,Space Launch Complex 4E,"Vandenberg SFB, CA, USA",2024-09-25 04:01:20+00:00,,,Starlink,,
facd46c6-5197-4c27-939a-2b6b3f08d39d,Falcon 9 Block 5 | Starlink Group 9-17,2024-09-20T13:50:00Z,Launch Successful,Falcon 9 Block 5,Space Launch Complex 4E,"Vandenberg SFB, CA, USA",2024-09-20 13:50:00+00:00,,,Starlink,,
b9c44ac9-e201-4042-9f08-bd517cd2e6a5,Falcon 9 Block 5 | Galileo L13 (FOC FM26 & FM32),2024-09-17T22:50:49Z,Launch Successful,Falcon 9 Block 5,Space Launch Complex 40,"Cape Canaveral SFS, FL, USA",2024-09-17 22:50:49+00:00,,,Commercial / Other,,
f53462c6-7e3a-41a9-b5a4-d884582ef0fa,Falcon 9 Block 5 | Starlink Group 9-6,2024-09-13T01:45:00Z,Launch Successful,Falcon 9 Block 5,Space Launch Complex 4E,"Vandenberg SFB, CA, USA",2024-09-13 01:45:00+00:00,,,Starlink,,
11f32024-8382-4b7a-9f75-c211820b9e2d,Falcon 9 Block 5 | BlueBird Block 1,2024-09-12T08:52:00Z,Launch Successful,Falcon 9 Block 5,Space Launch Complex 40,"Cape Canaveral SFS, FL, USA",2024-09-12 08:52:00+00:00,,,Commercial / Other,,
b69cfada-3320-4331-89e1-aaa8b49e6a9c,Falcon 9 Block 5 | Polaris Dawn,2024-09-10T09:23:49Z,Launch Successful,Falcon 9 Block 5,Launch Complex 39A,"Kennedy Space Center, FL, USA",2024-09-10 09:23:49+00:00,,,Crew / Human Spaceflight,,
e8c62aa0-6bef-48ac-8ef6-b8589479c6be,Falcon 9 Block 5 | NROL-113,2024-09-06T03:20:00Z,Launch Successful,Falcon 9 Block 5,Space Launch Complex 4E,"Vandenberg SFB, CA, USA",2024-09-06 03:20:00+00:00,,,Government / National Security,,
46ddb5ee-30ac-4d70-9cbe-0342b253ee6c,Falcon 9 Block 5 | Starlink Group 8-11,2024-09-05T15:33:00Z,Launch Successful,Falcon 9 Block 5,Space Launch Complex 40,"Cape Canaveral SFS, FL, USA",2024-09-05 15:33:00+00:00,,,Starlink,,
1bf11245-99d7-4178-8bf8-408730e21b36,Falcon 9 Block 5 | Starlink Group 9-5,2024-08-31T08:48:00Z,Launch Successful,Falcon 9 Block 5,Space Launch Complex 4E,"Vandenberg SFB, CA, USA",2024-08-31 08:48:00+00:00,,,Starlink,,
95bff87b-38c6-4db0-8b2f-e3952c95f383,Falcon 9 Block 5 | Starlink Group 8-10,2024-08-31T07:43:00Z,Launch Successful,Falcon 9 Block 5,Space Launch Complex 40,"Cape Canaveral SFS, FL, USA",2024-08-31 07:43:00+00:00,,,Starlink,,
1da9d898-e591-444b-84bf-4bb949b81c62,Falcon 9 Block 5 | Starlink Group 8-6,2024-08-28T07:48:00Z,Launch Successful,Falcon 9 Block 5,Space Launch Complex 40,"Cape Canaveral SFS, FL, USA",2024-08-28 07:48:00+00:00,,,Starlink,,
1458b11c-c0ed-4486-9d51-5b574db36f71,Falcon 9 Block 5 | Starlink Group 10-5,2024-08-20T13:20:00Z,Launch Successful,Falcon 9 Block 5,Space Launch Complex 40,"Cape Canaveral SFS, FL, USA",2024-08-20 13:20:00+00:00,,,Starlink,,
d61c53c4-669a-44cd-a905-cea38e8e21d6,Falcon 9 Block 5 | Transporter 11 (Dedicated SSO Rideshare),2024-08-16T18:56:00Z,Launch Successful,Falcon 9 Block 5,Space Launch Complex 4E,"Vandenberg SFB, CA, USA",2024-08-16 18:56:00+00:00,,,Rideshare,,
3ecc1d59-470f-49a3-9508-35f0b6797454,Falcon 9 Block 5 | WorldView Legion 3 & 4,2024-08-15T13:00:00Z,Launch Successful,Falcon 9 Block 5,Space Launch Complex 40,"Cape Canaveral SFS, FL, USA",2024-08-15 13:00:00+00:00,,,Commercial / Other,,
34aa9340-c97e-4609-a872-e2adc8d9de13,Falcon 9 Block 5 | Starlink Group 10-7,2024-08-12T10:37:00Z,Launch Successful,Falcon 9 Block 5,Launch Complex 39A,"Kennedy Space Center, FL, USA",2024-08-12 10:37:00+00:00,,,Starlink,,
670b2644-8952-484d-a402-8a75b7f907ae,Falcon 9 Block 5 | Arctic Satellite Broadband Mission (ASBM),2024-08-12T02:02:00Z,Launch Successful,Falcon 9 Block 5,Space Launch Complex 4E,"Vandenberg SFB, CA, USA",2024-08-12 02:02:00+00:00,,,Commercial / Other,,
c34d9c5e-c11a-4066-84d9-d026ceaafcf3,Falcon 9 Block 5 | Starlink Group 8-3,2024-08-10T12:50:00Z,Launch Successful,Falcon 9 Block 5,Space Launch Complex 40,"Cape Canaveral SFS, FL, USA",2024-08-10 12:50:00+00:00,,,Starlink,,
59426ed2-57ff-4f61-8f62-9794b6dbb9ad,Falcon 9 Block 5 | Cygnus CRS-2 NG-21 (S.S. Francis R. “Dick” Scobee),2024-08-04T15:02:53Z,Launch Successful,Falcon 9 Block 5,Space Launch Complex 40,"Cape Canaveral SFS, FL, USA",2024-08-04 15:02:53+00:00,,,Crew / Human Spaceflight,,
86139b24-aed8-47b0-a385-5ed28cca6409,Falcon 9 Block 5 | Starlink Group 11-1,2024-08-04T07:24:00Z,Launch Successful,Falcon 9 Block 5,Space Launch Complex 4E,"Vandenberg SFB, CA, USA",2024-08-04 07:24:00+00:00,,,Starlink,,
172111f8-35c3-413e-9f6e-06676a462895,Falcon 9 Block 5 | Starlink Group 10-6,2024-08-02T05:01:00Z,Launch Successful,Falcon 9 Block 5,Launch Complex 39A,"Kennedy Space Center, FL, USA",2024-08-02 05:01:00+00:00,,,Starlink,,
2aa76cd0-b1e0-4826-827e-1e69d1cc387d,Falcon 9 Block 5 | Starlink Group 9-4,2024-07-28T09:22:00Z,Launch Successful,Falcon 9 Block 5,Space Launch Complex 4E,"Vandenberg SFB, CA, USA",2024-07-28 09:22:00+00:00,,,Starlink,,
a059955d-baf8-436d-9a2f-e4746be5a636,Falcon 9 Block 5 | Starlink Group 10-4,2024-07-28T05:09:00Z,Launch Successful,Falcon 9 Block 5,Space Launch Complex 40,"Cape Canaveral SFS, FL, USA",2024-07-28 05:09:00+00:00,,,Starlink,,
0f63b33d-1a83-4eb2-8c2e-d4157bf71230,Falcon 9 Block 5 | Starlink Group 10-9,2024-07-27T05:45:00Z,Launch Successful,Falcon 9 Block 5,Launch Complex 39A,"Kennedy Space Center, FL, USA",2024-07-27 05:45:00+00:00,,,Starlink,,
9ddacbab-cb89-4fb1-85c8-56b4222af744,Falcon 9 Block 5 | Starlink Group 9-3,2024-07-12T02:35:00Z,Launch Failure,Falcon 9 Block 5,Space Launch Complex 4E,"Vandenberg SFB, CA, USA",2024-07-12 02:35:00+00:00,,,Starlink,,
ae5db3d2-1162-41b3-8f19-697150f483a3,Falcon 9 Block 5 | Türksat 6A,2024-07-08T23:30:00Z,Launch Successful,Falcon 9 Block 5,Space Launch Complex 40,"Cape Canaveral SFS, FL, USA",2024-07-08 23:30:00+00:00,,,Commercial / Other,,
37d99477-d60a-486a-9fa0-3c533fe19fd9,Falcon 9 Block 5 | Starlink Group 8-9,2024-07-03T08:55:00Z,Launch Successful,Falcon 9 Block 5,Space Launch Complex 40,"Cape Canaveral SFS, FL, USA",2024-07-03 08:55:00+00:00,,,Starlink,,
bc2c6103-a426-41e0-875d-700dc92dc131,Falcon 9 Block 5 | NROL-186,2024-06-29T03:14:00Z,Launch Successful,Falcon 9 Block 5,Space Launch Complex 4E,"Vandenberg SFB, CA, USA",2024-06-29 03:14:00+00:00,,,Government / National Security,,
89961315-355e-469d-af7a-b447ea70bce9,Falcon 9 Block 5 | Starlink Group 10-3,2024-06-27T11:14:00Z,Launch Successful,Falcon 9 Block 5,Space Launch Complex 40,"Cape Canaveral SFS, FL, USA",2024-06-27 11:14:00+00:00,,,Starlink,,
53b0220d-25b1-47d7-9d68-956063c54d86,Falcon 9 Block 5 | Starlink Group 9-2,2024-06-24T03:47:00Z,Launch Successful,Falcon 9 Block 5,Space Launch Complex 4E,"Vandenberg SFB, CA, USA",2024-06-24 03:47:00+00:00,,,Starlink,,
63a205d7-ea27-4fd0-9fb7-f09f744433a3,Falcon 9 Block 5 | Starlink Group 10-2,2024-06-23T17:15:00Z,Launch Successful,Falcon 9 Block 5,Space Launch Complex 40,"Cape Canaveral SFS, FL, USA",2024-06-23 17:15:00+00:00,,,Starlink,,
e59f9e0b-fed2-4b12-a21b-ceda262bca5e,Falcon 9 Block 5 | Astra 1P/SES-24,2024-06-20T21:35:00Z,Launch Successful,Falcon 9 Block 5,Space Launch Complex 40,"Cape Canaveral SFS, FL, USA",2024-06-20 21:35:00+00:00,,,Commercial / Other,,
86600b01-7621-4106-9ae1-d7510328c29a,Falcon 9 Block 5 | Starlink Group 9-1,2024-06-19T03:40:00Z,Launch Successful,Falcon 9 Block 5,Space Launch Complex 4E,"Vandenberg SFB, CA, USA",2024-06-19 03:40:00+00:00,,,Starlink,,
32f98a5d-b605-4e18-9b92-9dbd59f0681f,Falcon 9 Block 5 | Starlink Group 8-8,2024-06-08T12:58:00Z,Launch Successful,Falcon 9 Block 5,Space Launch Complex 4E,"Vandenberg SFB, CA, USA",2024-06-08 12:58:00+00:00,,,Starlink,,
cdc8274b-932e-48d6-9e8d-691969da4ad0,Falcon 9 Block 5 | Starlink Group 10-1,2024-06-08T01:56:00Z,Launch Successful,Falcon 9 Block 5,Space Launch Complex 40,"Cape Canaveral SFS, FL, USA",2024-06-08 01:56:00+00:00,,,Starlink,,
587cba9a-2a6c-46c9-9b06-630a1bf86fe3,Falcon 9 Block 5 | Starlink Group 8-5,2024-06-05T02:16:00Z,Launch Successful,Falcon 9 Block 5,Space Launch Complex 40,"Cape Canaveral SFS, FL, USA",2024-06-05 02:16:00+00:00,,,Starlink,,
cefe475a-fe70-4e46-9075-9c44c856975b,Falcon 9 Block 5 | Starlink Group 6-64,2024-06-01T02:37:00Z,Launch Successful,Falcon 9 Block 5,Space Launch Complex 40,"Cape Canaveral SFS, FL, USA",2024-06-01 02:37:00+00:00,,,Starlink,,
c98dabc0-2391-48bd-aad7-02bfb1795ec3,Falcon 9 Block 5 | EarthCARE,2024-05-28T22:20:10Z,Launch Successful,Falcon 9 Block 5,Space Launch Complex 4E,"Vandenberg SFB, CA, USA",2024-05-28 22:20:10+00:00,,,Commercial / Other,,
345131f6-a96a-45e0-9b83-f11aeec8bab6,Falcon 9 Block 5 | Starlink Group 6-60,2024-05-28T14:24:00Z,Launch Successful,Falcon 9 Block 5,Space Launch Complex 40,"Cape Canaveral SFS, FL, USA",2024-05-28 14:24:00+00:00,,,Starlink,,
d51da9b0-7251-4345-9708-934ba4c23c78,Falcon 9 Block 5 | Starlink Group 6-63,2024-05-24T02:45:00Z,Launch Successful,Falcon 9 Block 5,Launch Complex 39A,"Kennedy Space Center, FL, USA",2024-05-24 02:45:00+00:00,,,Starlink,,
1e84545e-add0-42be-bcd2-c78eb2d982e5,Falcon 9 Block 5 | Starlink Group 6-62,2024-05-23T02:35:00Z,Launch Successful,Falcon 9 Block 5,Space Launch Complex 40,"Cape Canaveral SFS, FL, USA",2024-05-23 02:35:00+00:00,,,Starlink,,
bcab98e3-3650-4733-9d32-47d5870a2151,Falcon 9 Block 5 | NROL-146,2024-05-22T08:00:00Z,Launch Successful,Falcon 9 Block 5,Space Launch Complex 4E,"Vandenberg SFB, CA, USA",2024-05-22 08:00:00+00:00,,,Government / National Security,,
791ef5c4-d0f1-4a35-b362-f87aef03621d,Falcon 9 Block 5 | Starlink Group 6-59,2024-05-18T00:32:00Z,Launch Successful,Falcon 9 Block 5,Space Launch Complex 40,"Cape Canaveral SFS, FL, USA",2024-05-18 00:32:00+00:00,,,Starlink,,
63bb93ea-d77a-4b7e-aca7-325b514e270d,Falcon 9 Block 5 | Starlink Group 8-7,2024-05-14T18:39:00Z,Launch Successful,Falcon 9 Block 5,Space Launch Complex 4E,"Vandenberg SFB, CA, USA",2024-05-14 18:39:00+00:00,,,Starlink,,
67152d83-c689-4cff-8330-b42c166049c9,Falcon 9 Block 5 | Starlink Group 6-58,2024-05-13T00:53:00Z,Launch Successful,Falcon 9 Block 5,Space Launch Complex 40,"Cape Canaveral SFS, FL, USA",2024-05-13 00:53:00+00:00,,,Starlink,,
b7767100-2fd3-4df6-9f23-cd6817f9972e,Falcon 9 Block 5 | Starlink Group 8-2,2024-05-10T04:30:00Z,Launch Successful,Falcon 9 Block 5,Space Launch Complex 4E,"Vandenberg SFB, CA, USA",2024-05-10 04:30:00+00:00,,,Starlink,,
37b23feb-be70-4011-bb3b-ccf4d333edd4,Falcon 9 Block 5 | Starlink Group 6-56,2024-05-08T18:42:00Z,Launch Successful,Falcon 9 Block 5,Launch Complex 39A,"Kennedy Space Center, FL, USA",2024-05-08 18:42:00+00:00,,,Starlink,,
40e91ca4-bcd3-43bd-b856-0236d4beca45,Falcon 9 Block 5 | Starlink Group 6-57,2024-05-06T18:14:00Z,Launch Successful,Falcon 9 Block 5,Space Launch Complex 40,"Cape Canaveral SFS, FL, USA",2024-05-06 18:14:00+00:00,,,Starlink,,
638eca04-7e89-4254-8770-4ae1da538004,Falcon 9 Block 5 | Starlink Group 6-55,2024-05-03T02:37:00Z,Launch Successful,Falcon 9 Block 5,Space Launch Complex 40,"Cape Canaveral SFS, FL, USA",2024-05-03 02:37:00+00:00,,,Starlink,,
629f10e4-93cc-4b1b-9b2f-53f7d3944fc1,Falcon 9 Block 5 | WorldView Legion 1 & 2,2024-05-02T18:36:00Z,Launch Successful,Falcon 9 Block 5,Space Launch Complex 4E,"Vandenberg SFB, CA, USA",2024-05-02 18:36:00+00:00,,,Commercial / Other,,
242a5669-7d52-4cab-8a03-72af4aa08f12,Falcon 9 Block 5 | Starlink Group 6-54,2024-04-28T22:08:00Z,Launch Successful,Falcon 9 Block 5,Space Launch Complex 40,"Cape Canaveral SFS, FL, USA",2024-04-28 22:08:00+00:00,,,Starlink,,
974b4774-cda7-4373-abfc-40c1a1859cba,Falcon 9 Block 5 | Galileo L12 (FOC FM25 & FM27),2024-04-28T00:34:00Z,Launch Successful,Falcon 9 Block 5,Launch Complex 39A,"Kennedy Space Center, FL, USA",2024-04-28 00:34:00+00:00,,,Commercial / Other,,
63e1a1f2-c5cd-4d73-8c16-302f9d8ad72f,Falcon 9 Block 5 | Starlink Group 6-53,2024-04-23T22:17:00Z,Launch Successful,Falcon 9 Block 5,Space Launch Complex 40,"Cape Canaveral SFS, FL, USA",2024-04-23 22:17:00+00:00,,,Starlink,,
b1098e0e-35c3-4cda-b0ec-01c70b0114e1,Falcon 9 Block 5 | Starlink Group 6-52,2024-04-18T22:40:00Z,Launch Successful,Falcon 9 Block 5,Space Launch Complex 40,"Cape Canaveral SFS, FL, USA",2024-04-18 22:40:00+00:00,,,Starlink,,
c42e2d5f-f869-44d2-9f70-77d6e8d8482f,Falcon 9 Block 5 | Starlink Group 6-51,2024-04-17T21:26:00Z,Launch Successful,Falcon 9 Block 5,Launch Complex 39A,"Kennedy Space Center, FL, USA",2024-04-17 21:26:00+00:00,,,Starlink,,
08508c47-42ea-44c8-9da6-9e2e21742994,Falcon 9 Block 5 | Starlink Group 6-49,2024-04-13T01:40:00Z,Launch Successful,Falcon 9 Block 5,Space Launch Complex 40,"Cape Canaveral SFS, FL, USA",2024-04-13 01:40:00+00:00,,,Starlink,,
a2e723fe-c893-4eaa-9dd3-63533a703091,Falcon 9 Block 5 | USSF-62,2024-04-11T14:25:00Z,Launch Successful,Falcon 9 Block 5,Space Launch Complex 4E,"Vandenberg SFB, CA, USA",2024-04-11 14:25:00+00:00,,,Government / National Security,,
706b81df-c365-4a6d-89f0-c52126dc91e1,Falcon 9 Block 5 | Starlink Group 6-48,2024-04-10T05:40:00Z,Launch Successful,Falcon 9 Block 5,Space Launch Complex 40,"Cape Canaveral SFS, FL, USA",2024-04-10 05:40:00+00:00,,,Starlink,,
c6344720-1266-4697-90ab-943a6f1760a5,Falcon 9 Block 5 | Bandwagon 1 (Dedicated Mid-Inclination Rideshare),2024-04-07T23:16:57Z,Launch Successful,Falcon 9 Block 5,Launch Complex 39A,"Kennedy Space Center, FL, USA",2024-04-07 23:16:57+00:00,,,Rideshare,,
b76b836f-8e88-4bc3-a3bc-36bb8ee4bb3c,Falcon 9 Block 5 | Starlink Group 8-1,2024-04-07T02:25:00Z,Launch Successful,Falcon 9 Block 5,Space Launch Complex 4E,"Vandenberg SFB, CA, USA",2024-04-07 02:25:00+00:00,,,Starlink,,
d90ac995-1d5d-48d6-8339-7ab42c567449,Falcon 9 Block 5 | Starlink Group 6-47,2024-04-05T09:12:00Z,Launch Successful,Falcon 9 Block 5,Space Launch Complex 40,"Cape Canaveral SFS, FL, USA",2024-04-05 09:12:00+00:00,,,Starlink,,
8bb37c47-eefc-4a37-80c5-03b760cc99fc,Falcon 9 Block 5 | Starlink Group 7-18,2024-04-02T02:30:00Z,Launch Successful,Falcon 9 Block 5,Space Launch Complex 4E,"Vandenberg SFB, CA, USA",2024-04-02 02:30:00+00:00,,,Starlink,,
3f61f099-5176-49f2-8e77-41c02ce80e5a,Falcon 9 Block 5 | Starlink Group 6-45,2024-03-31T01:30:00Z,Launch Successful,Falcon 9 Block 5,Space Launch Complex 40,"Cape Canaveral SFS, FL, USA",2024-03-31 01:30:00+00:00,,,Starlink,,
ba739b7f-9bdd-487c-9742-d76182af49f8,Falcon 9 Block 5 | Eutelsat 36D,2024-03-30T21:52:00Z,Launch Successful,Falcon 9 Block 5,Launch Complex 39A,"Kennedy Space Center, FL, USA",2024-03-30 21:52:00+00:00,,,Commercial / Other,,
5acc8f72-bde2-4466-b64e-f580bc71ae2f,Falcon 9 Block 5 | Starlink Group 6-46,2024-03-25T23:42:00Z,Launch Successful,Falcon 9 Block 5,Space Launch Complex 40,"Cape Canaveral SFS, FL, USA",2024-03-25 23:42:00+00:00,,,Starlink,,
e7b297d1-3312-4264-b802-f9d6ea11b3b2,Falcon 9 Block 5 | Starlink Group 6-42,2024-03-24T03:09:00Z,Launch Successful,Falcon 9 Block 5,Launch Complex 39A,"Kennedy Space Center, FL, USA",2024-03-24 03:09:00+00:00,,,Starlink,,
604e4aa8-73f8-4f1c-bf4c-5a130625cac7,Falcon 9 Block 5 | Dragon CRS-2 SpX-30,2024-03-21T20:55:09Z,Launch Successful,Falcon 9 Block 5,Space Launch Complex 40,"Cape Canaveral SFS, FL, USA",2024-03-21 20:55:09+00:00,,,Crew / Human Spaceflight,,
2323baef-19f9-45fc-bc3d-3d34f7821f82,Falcon 9 Block 5 | Starlink Group 7-16,2024-03-19T02:28:00Z,Launch Successful,Falcon 9 Block 5,Space Launch Complex 4E,"Vandenberg SFB, CA, USA",2024-03-19 02:28:00+00:00,,,Starlink,,
827fac66-147f-4afc-9489-1b1d736ee989,Falcon 9 Block 5 | Starlink Group 6-44,2024-03-16T00:21:00Z,Launch Successful,Falcon 9 Block 5,Launch Complex 39A,"Kennedy Space Center, FL, USA",2024-03-16 00:21:00+00:00,,,Starlink,,
8b703f3e-2758-466b-a899-7c1b463c2f31,Falcon 9 Block 5 | Starlink Group 7-17,2024-03-11T04:09:00Z,Launch Successful,Falcon 9 Block 5,Space Launch Complex 4E,"Vandenberg SFB, CA, USA",2024-03-11 04:09:00+00:00,,,Starlink,,
ed3aa4cd-ebd2-4871-a541-968a1b08afb1,Falcon 9 Block 5 | Starlink Group 6-43,2024-03-10T23:05:00Z,Launch Successful,Falcon 9 Block 5,Space Launch Complex 40,"Cape Canaveral SFS, FL, USA",2024-03-10 23:05:00+00:00,,,Starlink,,
42b2c850-ecee-4ec9-8496-cc304f4353f5,Falcon 9 Block 5 | Starlink Group 6-41,2024-03-04T23:56:00Z,Launch Successful,Falcon 9 Block 5,Space Launch Complex 40,"Cape Canaveral SFS, FL, USA",2024-03-04 23:56:00+00:00,,,Starlink,,
2f10c861-8c07-4af1-8873-cdba6d2566ba,Falcon 9 Block 5 | Transporter 10 (Dedicated SSO Rideshare),2024-03-04T22:05:00Z,Launch Successful,Falcon 9 Block 5,Space Launch Complex 4E,"Vandenberg SFB, CA, USA",2024-03-04 22:05:00+00:00,,,Rideshare,,
2f101902-03dd-4b23-8546-d25ea514b36f,Falcon 9 Block 5 | Crew-8,2024-03-04T03:53:38Z,Launch Successful,Falcon 9 Block 5,Launch Complex 39A,"Kennedy Space Center, FL, USA",2024-03-04 03:53:38+00:00,,,Crew / Human Spaceflight,,
a9388d6a-a9cb-440c-8dc8-647a77833fe1,Falcon 9 Block 5 | Starlink Group 6-40,2024-02-29T15:30:00Z,Launch Successful,Falcon 9 Block 5,Space Launch Complex 40,"Cape Canaveral SFS, FL, USA",2024-02-29 15:30:00+00:00,,,Starlink,,
0c61bd06-0bd9-40a8-8be3-1d46368ae094,Falcon 9 Block 5 | Starlink Group 6-39,2024-02-25T22:06:00Z,Launch Successful,Falcon 9 Block 5,Space Launch Complex 40,"Cape Canaveral SFS, FL, USA",2024-02-25 22:06:00+00:00,,,Starlink,,
43edc89d-bba0-49ce-85d3-be350104a29c,Falcon 9 Block 5 | Starlink Group 7-15,2024-02-23T04:11:50Z,Launch Successful,Falcon 9 Block 5,Space Launch Complex 4E,"Vandenberg SFB, CA, USA",2024-02-23 04:11:50+00:00,,,Starlink,,
ffd29f94-06b4-49f7-b5f9-b21a928e6eaa,Falcon 9 Block 5 | HTS-113BT (Merah Putih 2),2024-02-20T20:11:00Z,Launch Successful,Falcon 9 Block 5,Space Launch Complex 40,"Cape Canaveral SFS, FL, USA",2024-02-20 20:11:00+00:00,,,Commercial / Other,,
9603b3c2-da94-41c6-8012-30e990fdc999,Falcon 9 Block 5 | Starlink Group 7-14,2024-02-15T21:34:30Z,Launch Successful,Falcon 9 Block 5,Space Launch Complex 4E,"Vandenberg SFB, CA, USA",2024-02-15 21:34:30+00:00,,,Starlink,,
942a1814-c237-41de-9970-d27bb9630f3b,Falcon 9 Block 5 | Nova-C IM-1,2024-02-15T06:05:37Z,Launch Successful,Falcon 9 Block 5,Launch Complex 39A,"Kennedy Space Center, FL, USA",2024-02-15 06:05:37+00:00,,,Commercial / Other,,
d8fead19-b792-4e77-8c93-03a953958005,Falcon 9 Block 5 | USSF-124,2024-02-14T22:30:00Z,Launch Successful,Falcon 9 Block 5,Space Launch Complex 40,"Cape Canaveral SFS, FL, USA",2024-02-14 22:30:00+00:00,,,Government / National Security,,
3fe9e0be-183a-4e14-8193-516219fb37e4,Falcon 9 Block 5 | Starlink Group 7-13,2024-02-10T00:34:00Z,Launch Successful,Falcon 9 Block 5,Space Launch Complex 4E,"Vandenberg SFB, CA, USA",2024-02-10 00:34:00+00:00,,,Starlink,,
549f26ed-a5f7-49fb-97a7-fb2ffa26e3e8,"Falcon 9 Block 5 | PACE (Plankton, Aerosol, Cloud, ocean Ecosystem)",2024-02-08T06:33:36Z,Launch Successful,Falcon 9 Block 5,Space Launch Complex 40,"Cape Canaveral SFS, FL, USA",2024-02-08 06:33:36+00:00,,,Commercial / Other,,
665678b9-8b91-45de-9e9c-5063622bcca1,Falcon 9 Block 5 | Cygnus CRS-2 NG-20 (S.S. Patricia “Patty” Hilliard Robertson),2024-01-30T17:07:21Z,Launch Successful,Falcon 9 Block 5,Space Launch Complex 40,"Cape Canaveral SFS, FL, USA",2024-01-30 17:07:21+00:00,,,Crew / Human Spaceflight,,
20f597cc-eb98-4c7d-b137-87e048493c3e,Falcon 9 Block 5 | Starlink Group 7-12,2024-01-29T05:57:20Z,Launch Successful,Falcon 9 Block 5,Space Launch Complex 4E,"Vandenberg SFB, CA, USA",2024-01-29 05:57:20+00:00,,,Starlink,,
378bd440-63df-48a6-97f7-c528a9a1968c,Falcon 9 Block 5 | Starlink Group 6-38,2024-01-29T01:10:00Z,Launch Successful,Falcon 9 Block 5,Launch Complex 39A,"Kennedy Space Center, FL, USA",2024-01-29 01:10:00+00:00,,,Starlink,,
f8f2a91e-0d76-46f0-9110-8c45d85fab86,Falcon 9 Block 5 | Starlink Group 7-11,2024-01-24T00:35:00Z,Launch Successful,Falcon 9 Block 5,Space Launch Complex 4E,"Vandenberg SFB, CA, USA",2024-01-24 00:35:00+00:00,,,Starlink,,
da48063e-b50f-4602-adab-ad7331ee6d82,Falcon 9 Block 5 | Axiom Space Mission 3,2024-01-18T21:49:11Z,Launch Successful,Falcon 9 Block 5,Launch Complex 39A,"Kennedy Space Center, FL, USA",2024-01-18 21:49:11+00:00,,,Crew / Human Spaceflight,,
839c1427-45db-4b88-ae41-bb666c1dd097,Falcon 9 Block 5 | Starlink Group 6-37,2024-01-15T01:52:00Z,Launch Successful,Falcon 9 Block 5,Space Launch Complex 40,"Cape Canaveral SFS, FL, USA",2024-01-15 01:52:00+00:00,,,Starlink,,
429277e6-dc65-4166-a556-44edc39d71ea,Falcon 9 Block 5 | Starlink Group 7-10,2024-01-14T08:59:30Z,Launch Successful,Falcon 9 Block 5,Space Launch Complex 4E,"Vandenberg SFB, CA, USA",2024-01-14 08:59:30+00:00,,,Starlink,,
60634a63-633d-42b3-b87e-710e7e0d4282,Falcon 9 Block 5 | Starlink Group 6-35,2024-01-07T22:35:40Z,Launch Successful,Falcon 9 Block 5,Space Launch Complex 40,"Cape Canaveral SFS, FL, USA",2024-01-07 22:35:40+00:00,,,Starlink,,
1d374bef-0e4e-4b3f-b45b-25c14aaa2b0e,Falcon 9 Block 5 | Ovzon-3,2024-01-03T23:04:00Z,Launch Successful,Falcon 9 Block 5,Space Launch Complex 40,"Cape Canaveral SFS, FL, USA",2024-01-03 23:04:00+00:00,,,Commercial / Other,,
161dbc75-e973-44f7-a346-6254aec99900,Falcon 9 Block 5 | Starlink Group 7-9,2024-01-03T03:44:20Z,Launch Successful,Falcon 9 Block 5,Space Launch Complex 4E,"Vandenberg SFB, CA, USA",2024-01-03 03:44:20+00:00,,,Starlink,,
d92ecdac-af22-411c-8fc8-1d4b2578cfff,Falcon 9 Block 5 | Starlink Group 6-36,2023-12-29T04:01:40Z,Launch Successful,Falcon 9 Block 5,Space Launch Complex 40,"Cape Canaveral SFS, FL, USA",2023-12-29 04:01:40+00:00,,,Starlink,,
dff32800-585f-443f-b82b-4fdc4a3fddb4,Falcon 9 Block 5 | SARah 2 & 3,2023-12-24T13:11:00Z,Launch Successful,Falcon 9 Block 5,Space Launch Complex 4E,"Vandenberg SFB, CA, USA",2023-12-24 13:11:00+00:00,,,Commercial / Other,,
3a88fa72-ad1d-4174-99c4-926596354b2a,Falcon 9 Block 5 | Starlink Group 6-32,2023-12-23T05:33:00Z,Launch Successful,Falcon 9 Block 5,Space Launch Complex 40,"Cape Canaveral SFS, FL, USA",2023-12-23 05:33:00+00:00,,,Starlink,,
7e34bf07-7031-4dd7-844f-7067107489a3,Falcon 9 Block 5 | Starlink Group 6-34,2023-12-19T04:01:00Z,Launch Successful,Falcon 9 Block 5,Space Launch Complex 40,"Cape Canaveral SFS, FL, USA",2023-12-19 04:01:00+00:00,,,Starlink,,
2008dbb3-a1ce-4677-ad95-abaf9773a7cf,Falcon 9 Block 5 | Starlink Group 7-8,2023-12-08T08:03:40Z,Launch Successful,Falcon 9 Block 5,Space Launch Complex 4E,"Vandenberg SFB, CA, USA",2023-12-08 08:03:40+00:00,,,Starlink,,
b666d809-7a76-4b4d-98bd-6c471cd7e4a8,Falcon 9 Block 5 | Starlink Group 6-33,2023-12-07T05:07:30Z,Launch Successful,Falcon 9 Block 5,Space Launch Complex 40,"Cape Canaveral SFS, FL, USA",2023-12-07 05:07:30+00:00,,,Starlink,,
8cf1015d-3fe5-40c4-8436-2f79c1f3ff2e,Falcon 9 Block 5 | Starlink Group 6-31,2023-12-03T04:00:50Z,Launch Successful,Falcon 9 Block 5,Space Launch Complex 40,"Cape Canaveral SFS, FL, USA",2023-12-03 04:00:50+00:00,,,Starlink,,
fd2a9c7e-7cad-45d1-94db-3b6bb3bfadb2,Falcon 9 Block 5 | 425 Project Flight 1 & rideshare,2023-12-01T18:19:00Z,Launch Successful,Falcon 9 Block 5,Space Launch Complex 4E,"Vandenberg SFB, CA, USA",2023-12-01 18:19:00+00:00,,,Commercial / Other,,
7bf22b01-938a-4b64-ad1e-d3f372f78a34,Falcon 9 Block 5 | Starlink Group 6-30,2023-11-28T04:20:00Z,Launch Successful,Falcon 9 Block 5,Space Launch Complex 40,"Cape Canaveral SFS, FL, USA",2023-11-28 04:20:00+00:00,,,Starlink,,
fe91ad95-fd2a-4a13-a7d1-842624ec6be3,Falcon 9 Block 5 | Starlink Group 6-29,2023-11-22T07:47:40Z,Launch Successful,Falcon 9 Block 5,Space Launch Complex 40,"Cape Canaveral SFS, FL, USA",2023-11-22 07:47:40+00:00,,,Starlink,,
a6e6b618-51f7-41ba-a8d3-0d375ba4530a,Falcon 9 Block 5 | Starlink Group 7-7,2023-11-20T10:30:40Z,Launch Successful,Falcon 9 Block 5,Space Launch Complex 4E,"Vandenberg SFB, CA, USA",2023-11-20 10:30:40+00:00,,,Starlink,,
dc5c0513-9c1e-416d-8675-6e83187a4c07,Falcon 9 Block 5 | Starlink Group 6-28,2023-11-18T05:05:50Z,Launch Successful,Falcon 9 Block 5,Space Launch Complex 40,"Cape Canaveral SFS, FL, USA",2023-11-18 05:05:50+00:00,,,Starlink,,
0be2e9d6-50d5-49dc-b56c-a919b7e0dfd8,Falcon 9 Block 5 | O3b mPower 5 & 6,2023-11-12T21:08:00Z,Launch Successful,Falcon 9 Block 5,Space Launch Complex 40,"Cape Canaveral SFS, FL, USA",2023-11-12 21:08:00+00:00,,,Commercial / Other,,
a4a7fa7f-f3d9-467e-ac58-6e577155a969,Falcon 9 Block 5 | Transporter 9 (Dedicated SSO Rideshare),2023-11-11T18:49:00Z,Launch Successful,Falcon 9 Block 5,Space Launch Complex 4E,"Vandenberg SFB, CA, USA",2023-11-11 18:49:00+00:00,,,Rideshare,,
63076c5e-d16c-4f16-a6ac-2709fd5fab01,Falcon 9 Block 5 | Dragon CRS-2 SpX-29,2023-11-10T01:28:14Z,Launch Successful,Falcon 9 Block 5,Launch Complex 39A,"Kennedy Space Center, FL, USA",2023-11-10 01:28:14+00:00,,,Crew / Human Spaceflight,,
6159729f-70fd-4817-9223-b250dca18f5f,Falcon 9 Block 5 | Starlink Group 6-27,2023-11-08T05:05:30Z,Launch Successful,Falcon 9 Block 5,Space Launch Complex 40,"Cape Canaveral SFS, FL, USA",2023-11-08 05:05:30+00:00,,,Starlink,,
48f71d70-4df8-4b8d-a3c5-8b5f08ab9858,Falcon 9 Block 5 | Starlink Group 6-26,2023-11-04T00:37:20Z,Launch Successful,Falcon 9 Block 5,Space Launch Complex 40,"Cape Canaveral SFS, FL, USA",2023-11-04 00:37:20+00:00,,,Starlink,,
ec6b5681-566f-465e-a164-97cfe48b6172,Falcon 9 Block 5 | Starlink Group 6-25,2023-10-30T23:20:30Z,Launch Successful,Falcon 9 Block 5,Space Launch Complex 40,"Cape Canaveral SFS, FL, USA",2023-10-30 23:20:30+00:00,,,Starlink,,
9bfd7559-da1a-4286-baf8-e2342d55ef52,Falcon 9 Block 5 | Starlink Group 7-6,2023-10-29T09:00:00Z,Launch Successful,Falcon 9 Block 5,Space Launch Complex 4E,"Vandenberg SFB, CA, USA",2023-10-29 09:00:00+00:00,,,Starlink,,
b46768df-d372-489f-9419-ff4f0057e025,Falcon 9 Block 5 | Starlink Group 6-24,2023-10-22T02:17:00Z,Launch Successful,Falcon 9 Block 5,Space Launch Complex 40,"Cape Canaveral SFS, FL, USA",2023-10-22 02:17:00+00:00,,,Starlink,,
327a3fa6-8144-4e4a-8398-709ddfac7291,Falcon 9 Block 5 | Starlink Group 7-5,2023-10-21T08:23:00Z,Launch Successful,Falcon 9 Block 5,Space Launch Complex 4E,"Vandenberg SFB, CA, USA",2023-10-21 08:23:00+00:00,,,Starlink,,
396524c2-aecc-4dca-9b82-e4a3e1c01ee5,Falcon 9 Block 5 | Starlink Group 6-23,2023-10-18T00:39:00Z,Launch Successful,Falcon 9 Block 5,Space Launch Complex 40,"Cape Canaveral SFS, FL, USA",2023-10-18 00:39:00+00:00,,,Starlink,,
2da96504-8be7-4feb-bd8f-8aed5229a342,Falcon 9 Block 5 | Starlink Group 6-22,2023-10-13T23:01:10Z,Launch Successful,Falcon 9 Block 5,Space Launch Complex 40,"Cape Canaveral SFS, FL, USA",2023-10-13 23:01:10+00:00,,,Starlink,,
432bc342-753e-4efe-8e3e-bd7158274b97,Falcon 9 Block 5 | Starlink Group 7-4,2023-10-09T07:43:00Z,Launch Successful,Falcon 9 Block 5,Space Launch Complex 4E,"Vandenberg SFB, CA, USA",2023-10-09 07:43:00+00:00,,,Starlink,,
16c2eec5-df98-4f84-8bf1-813f5fccf3f0,Falcon 9 Block 5 | Starlink Group 6-21,2023-10-05T05:36:30Z,Launch Successful,Falcon 9 Block 5,Space Launch Complex 40,"Cape Canaveral SFS, FL, USA",2023-10-05 05:36:30+00:00,,,Starlink,,
1c75cf8f-7097-46cc-9fe3-28c4886df4a6,Falcon 9 Block 5 | Starlink Group 6-19,2023-09-30T02:00:00Z,Launch Successful,Falcon 9 Block 5,Space Launch Complex 40,"Cape Canaveral SFS, FL, USA",2023-09-30 02:00:00+00:00,,,Starlink,,
1da29c40-6c7d-4cda-9b3b-d2c12c78c82b,Falcon 9 Block 5 | Starlink Group 7-3,2023-09-25T08:48:20Z,Launch Successful,Falcon 9 Block 5,Space Launch Complex 4E,"Vandenberg SFB, CA, USA",2023-09-25 08:48:20+00:00,,,Starlink,,
1c099ba2-9b8f-4364-8ba0-0c26f7993dd5,Falcon 9 Block 5 | Starlink Group 6-18,2023-09-24T03:38:30Z,Launch Successful,Falcon 9 Block 5,Space Launch Complex 40,"Cape Canaveral SFS, FL, USA",2023-09-24 03:38:30+00:00,,,Starlink,,
7fc31961-b46f-4a45-9b1d-3caece884f61,Falcon 9 Block 5 | Starlink Group 6-17,2023-09-20T03:38:10Z,Launch Successful,Falcon 9 Block 5,Space Launch Complex 40,"Cape Canaveral SFS, FL, USA",2023-09-20 03:38:10+00:00,,,Starlink,,
470bac70-cd8c-45fd-9a54-08f8f8f05049,Falcon 9 Block 5 | Starlink Group 6-16,2023-09-16T03:38:20Z,Launch Successful,Falcon 9 Block 5,Space Launch Complex 40,"Cape Canaveral SFS, FL, USA",2023-09-16 03:38:20+00:00,,,Starlink,,
8ab7d138-f248-450f-94a6-0e957c1b19f2,Falcon 9 Block 5 | Starlink Group 7-2,2023-09-12T06:57:50Z,Launch Successful,Falcon 9 Block 5,Space Launch Complex 4E,"Vandenberg SFB, CA, USA",2023-09-12 06:57:50+00:00,,,Starlink,,
4fcf9157-faa0-4d63-8853-c9454f75f864,Falcon 9 Block 5 | Starlink Group 6-14,2023-09-09T03:12:50Z,Launch Successful,Falcon 9 Block 5,Space Launch Complex 40,"Cape Canaveral SFS, FL, USA",2023-09-09 03:12:50+00:00,,,Starlink,,
f66687a3-d1f2-427d-8fe1-0454dc1fe9bd,Falcon 9 Block 5 | Starlink Group 6-12,2023-09-04T02:47:20Z,Launch Successful,Falcon 9 Block 5,Launch Complex 39A,"Kennedy Space Center, FL, USA",2023-09-04 02:47:20+00:00,,,Starlink,,
9248a1d0-393f-469a-b9c6-19470247e6fd,Falcon 9 Block 5 | SDA Tranche 0B,2023-09-02T14:25:00Z,Launch Successful,Falcon 9 Block 5,Space Launch Complex 4E,"Vandenberg SFB, CA, USA",2023-09-02 14:25:00+00:00,,,Commercial / Other,,
83dccf61-8e2a-4492-8784-d67252e0ff53,Falcon 9 Block 5 | Starlink Group 6-13,2023-09-01T02:21:50Z,Launch Successful,Falcon 9 Block 5,Space Launch Complex 40,"Cape Canaveral SFS, FL, USA",2023-09-01 02:21:50+00:00,,,Starlink,,
87fba73c-f085-4abf-830d-fae92c599977,Falcon 9 Block 5 | Starlink Group 6-11,2023-08-27T01:05:40Z,Launch Successful,Falcon 9 Block 5,Space Launch Complex 40,"Cape Canaveral SFS, FL, USA",2023-08-27 01:05:40+00:00,,,Starlink,,
1caacff9-837e-493b-afd4-4da54eeccdf2,Falcon 9 Block 5 | Crew-7,2023-08-26T07:27:27Z,Launch Successful,Falcon 9 Block 5,Launch Complex 39A,"Kennedy Space Center, FL, USA",2023-08-26 07:27:27+00:00,,,Crew / Human Spaceflight,,
15699687-3fb1-4749-9680-fc858e5e7081,Falcon 9 Block 5 | Starlink Group 7-1,2023-08-22T09:37:30Z,Launch Successful,Falcon 9 Block 5,Space Launch Complex 4E,"Vandenberg SFB, CA, USA",2023-08-22 09:37:30+00:00,,,Starlink,,
09642682-60f3-4470-a802-18788601c5a5,Falcon 9 Block 5 | Starlink Group 6-10,2023-08-17T03:36:50Z,Launch Successful,Falcon 9 Block 5,Space Launch Complex 40,"Cape Canaveral SFS, FL, USA",2023-08-17 03:36:50+00:00,,,Starlink,,
12e9acca-5aee-4751-9083-5e205d9528c8,Falcon 9 Block 5 | Starlink Group 6-9,2023-08-11T05:17:40Z,Launch Successful,Falcon 9 Block 5,Space Launch Complex 40,"Cape Canaveral SFS, FL, USA",2023-08-11 05:17:40+00:00,,,Starlink,,
31df6182-f50d-401b-9144-86b9d01911df,Falcon 9 Block 5 | Starlink Group 6-20,2023-08-08T03:57:00Z,Launch Successful,Falcon 9 Block 5,Space Launch Complex 4E,"Vandenberg SFB, CA, USA",2023-08-08 03:57:00+00:00,,,Starlink,,
ce0089c7-c61c-46a2-a9c1-10f2d6d066f0,Falcon 9 Block 5 | Starlink Group 6-8,2023-08-07T02:41:10Z,Launch Successful,Falcon 9 Block 5,Space Launch Complex 40,"Cape Canaveral SFS, FL, USA",2023-08-07 02:41:10+00:00,,,Starlink,,
afc772a3-6ea7-4550-a4e9-35c70c22ebba,Falcon 9 Block 5 | Galaxy 37,2023-08-03T05:00:00Z,Launch Successful,Falcon 9 Block 5,Space Launch Complex 40,"Cape Canaveral SFS, FL, USA",2023-08-03 05:00:00+00:00,,,Commercial / Other,,
ce5f4f47-c54d-4014-84f2-17a556892420,Falcon 9 Block 5 | Starlink Group 6-7,2023-07-28T04:01:10Z,Launch Successful,Falcon 9 Block 5,Space Launch Complex 40,"Cape Canaveral SFS, FL, USA",2023-07-28 04:01:10+00:00,,,Starlink,,
c407b340-49e6-447a-b872-8441618f0ec7,Falcon 9 Block 5 | Starlink Group 6-6,2023-07-24T00:50:30Z,Launch Successful,Falcon 9 Block 5,Space Launch Complex 40,"Cape Canaveral SFS, FL, USA",2023-07-24 00:50:30+00:00,,,Starlink,,
9e94b0b7-d88b-4cdf-9793-acdec5850613,Falcon 9 Block 5 | Starlink Group 6-15,2023-07-20T04:09:30Z,Launch Successful,Falcon 9 Block 5,Space Launch Complex 4E,"Vandenberg SFB, CA, USA",2023-07-20 04:09:30+00:00,,,Starlink,,
885ceb2a-bdf3-427b-9e98-ecfbd04d4e01,Falcon 9 Block 5 | Starlink Group 5-15,2023-07-16T03:50:00Z,Launch Successful,Falcon 9 Block 5,Space Launch Complex 40,"Cape Canaveral SFS, FL, USA",2023-07-16 03:50:00+00:00,,,Starlink,,
6f4ed2b9-918d-44e3-a8a9-cfdafc8cf8ce,Falcon 9 Block 5 | Starlink Group 6-5,2023-07-10T03:58:50Z,Launch Successful,Falcon 9 Block 5,Space Launch Complex 40,"Cape Canaveral SFS, FL, USA",2023-07-10 03:58:50+00:00,,,Starlink,,
5d3e11d7-5d13-4c8c-b94a-c73da97c39a5,Falcon 9 Block 5 | Starlink Group 5-13,2023-07-07T19:29:50Z,Launch Successful,Falcon 9 Block 5,Space Launch Complex 4E,"Vandenberg SFB, CA, USA",2023-07-07 19:29:50+00:00,,,Starlink,,
49d20d1b-18dd-4da6-a061-eacd0156fcc4,Falcon 9 Block 5 | Euclid,2023-07-01T15:12:00Z,Launch Successful,Falcon 9 Block 5,Space Launch Complex 40,"Cape Canaveral SFS, FL, USA",2023-07-01 15:12:00+00:00,,,Commercial / Other,,
168f4cf5-35e9-4e4c-90c3-61f1dcd6975e,Falcon 9 Block 5 | Starlink Group 5-12,2023-06-23T15:35:10Z,Launch Successful,Falcon 9 Block 5,Space Launch Complex 40,"Cape Canaveral SFS, FL, USA",2023-06-23 15:35:10+00:00,,,Starlink,,
4250862e-5e59-465c-90ac-262e85db6086,Falcon 9 Block 5 | Starlink Group 5-7,2023-06-22T07:19:00Z,Launch Successful,Falcon 9 Block 5,Space Launch Complex 4E,"Vandenberg SFB, CA, USA",2023-06-22 07:19:00+00:00,,,Starlink,,
76e42f7b-6690-41be-95c1-811aab0ccf32,Falcon 9 Block 5 | Satria-1,2023-06-18T22:21:00Z,Launch Successful,Falcon 9 Block 5,Space Launch Complex 40,"Cape Canaveral SFS, FL, USA",2023-06-18 22:21:00+00:00,,,Commercial / Other,,
1e0c3a19-02a8-481b-9b7e-1392327c1826,Falcon 9 Block 5 | Transporter 8 (Dedicated SSO Rideshare),2023-06-12T21:35:00Z,Launch Successful,Falcon 9 Block 5,Space Launch Complex 4E,"Vandenberg SFB, CA, USA",2023-06-12 21:35:00+00:00,,,Rideshare,,
5eba4955-6292-4a62-bc07-07443ff4baaa,Falcon 9 Block 5 | Starlink Group 5-11,2023-06-12T07:10:50Z,Launch Successful,Falcon 9 Block 5,Space Launch Complex 40,"Cape Canaveral SFS, FL, USA",2023-06-12 07:10:50+00:00,,,Starlink,,
e53eecd6-184d-440a-955a-70fe0fdccbd6,Falcon 9 Block 5 | Dragon CRS-2 SpX-28,2023-06-05T15:47:00Z,Launch Successful,Falcon 9 Block 5,Launch Complex 39A,"Kennedy Space Center, FL, USA",2023-06-05 15:47:00+00:00,,,Crew / Human Spaceflight,,
066250e1-a3fe-4483-88d7-8b80c7251a5f,Falcon 9 Block 5 | Starlink Group 6-4,2023-06-04T12:20:00Z,Launch Successful,Falcon 9 Block 5,Space Launch Complex 40,"Cape Canaveral SFS, FL, USA",2023-06-04 12:20:00+00:00,,,Starlink,,
5fa79e26-9ada-4a81-9735-c0b0a96a157a,Falcon 9 Block 5 | Starlink Group 2-10,2023-05-31T06:02:30Z,Launch Successful,Falcon 9 Block 5,Space Launch Complex 4E,"Vandenberg SFB, CA, USA",2023-05-31 06:02:30+00:00,,,Starlink,,
d5a80dcc-105b-445f-a8c4-394d7c7825ed,Falcon 9 Block 5 | BADR-8,2023-05-27T04:30:00Z,Launch Successful,Falcon 9 Block 5,Space Launch Complex 40,"Cape Canaveral SFS, FL, USA",2023-05-27 04:30:00+00:00,,,Commercial / Other,,
0297d3dc-0513-450a-babc-6f3da8e8c181,Falcon 9 Block 5 | Axiom Space Mission 2,2023-05-21T21:37:09Z,Launch Successful,Falcon 9 Block 5,Launch Complex 39A,"Kennedy Space Center, FL, USA",2023-05-21 21:37:09+00:00,,,Crew / Human Spaceflight,,
6d55d3cf-5c95-4c23-8c5e-1da44fbe299d,Falcon 9 Block 5 | Iridium-9 & OneWeb 19,2023-05-20T13:16:33Z,Launch Successful,Falcon 9 Block 5,Space Launch Complex 4E,"Vandenberg SFB, CA, USA",2023-05-20 13:16:33+00:00,,,Commercial / Other,,
0962fe02-4a3d-4131-8bc5-ee7bd2bc97fa,Falcon 9 Block 5 | Starlink Group 6-3,2023-05-19T06:19:30Z,Launch Successful,Falcon 9 Block 5,Space Launch Complex 40,"Cape Canaveral SFS, FL, USA",2023-05-19 06:19:30+00:00,,,Starlink,,
f5a3eb4c-9eb5-4e28-acfb-7903a9e11371,Falcon 9 Block 5 | Starlink Group 5-9,2023-05-14T05:03:50Z,Launch Successful,Falcon 9 Block 5,Space Launch Complex 40,"Cape Canaveral SFS, FL, USA",2023-05-14 05:03:50+00:00,,,Starlink,,
84dd42a7-765d-404c-bf12-a81eeb0f2e32,Falcon 9 Block 5 | Starlink Group 2-9,2023-05-10T20:09:00Z,Launch Successful,Falcon 9 Block 5,Space Launch Complex 4E,"Vandenberg SFB, CA, USA",2023-05-10 20:09:00+00:00,,,Starlink,,
16e0f780-7d6d-46bc-a0d4-cb23368e3501,Falcon 9 Block 5 | Starlink Group 5-6,2023-05-04T07:31:00Z,Launch Successful,Falcon 9 Block 5,Space Launch Complex 40,"Cape Canaveral SFS, FL, USA",2023-05-04 07:31:00+00:00,,,Starlink,,
ff9b6a09-2b5a-4ca3-934e-c86db21b7a1b,Falcon 9 Block 5 | O3b mPower 3 & 4,2023-04-28T22:12:00Z,Launch Successful,Falcon 9 Block 5,Space Launch Complex 40,"Cape Canaveral SFS, FL, USA",2023-04-28 22:12:00+00:00,,,Commercial / Other,,
bb327f29-b9c0-4b07-98a5-0493ab351875,Falcon 9 Block 5 | Starlink Group 3-5,2023-04-27T13:40:50Z,Launch Successful,Falcon 9 Block 5,Space Launch Complex 4E,"Vandenberg SFB, CA, USA",2023-04-27 13:40:50+00:00,,,Starlink,,
8e4e1804-6ba8-486b-bbbb-e4d9f15c3376,Falcon 9 Block 5 | Starlink Group 6-2,2023-04-19T14:31:10Z,Launch Successful,Falcon 9 Block 5,Space Launch Complex 40,"Cape Canaveral SFS, FL, USA",2023-04-19 14:31:10+00:00,,,Starlink,,
d8bd2b25-129b-4ab7-95d9-fb8ad1fdd73e,Falcon 9 Block 5 | Transporter 7 (Dedicated SSO Rideshare),2023-04-15T06:47:39Z,Launch Successful,Falcon 9 Block 5,Space Launch Complex 4E,"Vandenberg SFB, CA, USA",2023-04-15 06:47:39+00:00,,,Rideshare,,
89931acb-0ffe-42b6-8f59-e339d17a1d77,Falcon 9 Block 5 | Intelsat 40e,2023-04-07T04:30:00Z,Launch Successful,Falcon 9 Block 5,Space Launch Complex 40,"Cape Canaveral SFS, FL, USA",2023-04-07 04:30:00+00:00,,,Commercial / Other,,
0705d82e-11b4-4e78-9075-457987f9f32f,Falcon 9 Block 5 | SDA Tranche 0A,2023-04-02T14:29:00Z,Launch Successful,Falcon 9 Block 5,Space Launch Complex 4E,"Vandenberg SFB, CA, USA",2023-04-02 14:29:00+00:00,,,Commercial / Other,,
324cb054-c704-4c65-83af-2d5221d5e82a,Falcon 9 Block 5 | Starlink Group 5-10,2023-03-29T20:01:00Z,Launch Successful,Falcon 9 Block 5,Space Launch Complex 40,"Cape Canaveral SFS, FL, USA",2023-03-29 20:01:00+00:00,,,Starlink,,
393eb981-7952-44e5-bfbb-59410db0ef94,Falcon 9 Block 5 | Starlink Group 5-5,2023-03-24T15:43:10Z,Launch Successful,Falcon 9 Block 5,Space Launch Complex 40,"Cape Canaveral SFS, FL, USA",2023-03-24 15:43:10+00:00,,,Starlink,,
bd1d5c2b-5a73-4557-9b92-c16b916c8bbd,Falcon 9 Block 5 | SES-18 & SES-19,2023-03-17T23:38:00Z,Launch Successful,Falcon 9 Block 5,Space Launch Complex 40,"Cape Canaveral SFS, FL, USA",2023-03-17 23:38:00+00:00,,,Commercial / Other,,
4470fe15-bd51-408b-9d58-283891f97344,Falcon 9 Block 5 | Starlink Group 2-8,2023-03-17T19:26:40Z,Launch Successful,Falcon 9 Block 5,Space Launch Complex 4E,"Vandenberg SFB, CA, USA",2023-03-17 19:26:40+00:00,,,Starlink,,
9a0216fd-811b-4e20-be0a-98e6c54859e4,Falcon 9 Block 5 | Dragon CRS-2 SpX-27,2023-03-15T00:30:42Z,Launch Successful,Falcon 9 Block 5,Launch Complex 39A,"Kennedy Space Center, FL, USA",2023-03-15 00:30:42+00:00,,,Crew / Human Spaceflight,,
7d6982f5-d7e3-4d10-9655-0e83999d81a6,Falcon 9 Block 5 | OneWeb 17,2023-03-09T19:13:28Z,Launch Successful,Falcon 9 Block 5,Space Launch Complex 40,"Cape Canaveral SFS, FL, USA",2023-03-09 19:13:28+00:00,,,Commercial / Other,,
16b81321-f53c-4323-b79d-528b1c2480d0,Falcon 9 Block 5 | Starlink Group 2-7,2023-03-03T18:38:50Z,Launch Successful,Falcon 9 Block 5,Space Launch Complex 4E,"Vandenberg SFB, CA, USA",2023-03-03 18:38:50+00:00,,,Starlink,,
bc325945-4bee-4412-84e1-14998b2eba5f,Falcon 9 Block 5 | Crew-6,2023-03-02T05:34:14Z,Launch Successful,Falcon 9 Block 5,Launch Complex 39A,"Kennedy Space Center, FL, USA",2023-03-02 05:34:14+00:00,,,Crew / Human Spaceflight,,
62588687-1153-4c69-8ea0-e6c5e0a9877e,Falcon 9 Block 5 | Starlink Group 6-1,2023-02-27T23:13:50Z,Launch Successful,Falcon 9 Block 5,Space Launch Complex 40,"Cape Canaveral SFS, FL, USA",2023-02-27 23:13:50+00:00,,,Starlink,,
d6e60f3b-21d0-44f9-be02-fe0c00289b6a,Falcon 9 Block 5 | Inmarsat-6 F2,2023-02-18T03:59:00Z,Launch Successful,Falcon 9 Block 5,Space Launch Complex 40,"Cape Canaveral SFS, FL, USA",2023-02-18 03:59:00+00:00,,,Commercial / Other,,
ae6b4088-983b-413d-baca-11c5650167d1,Falcon 9 Block 5 | Starlink Group 2-5,2023-02-17T19:12:20Z,Launch Successful,Falcon 9 Block 5,Space Launch Complex 4E,"Vandenberg SFB, CA, USA",2023-02-17 19:12:20+00:00,,,Starlink,,
3bd674c9-b689-40c4-bfe2-844c71e40844,Falcon 9 Block 5 | Starlink Group 5-4,2023-02-12T05:10:10Z,Launch Successful,Falcon 9 Block 5,Space Launch Complex 40,"Cape Canaveral SFS, FL, USA",2023-02-12 05:10:10+00:00,,,Starlink,,
59449fa1-f709-40c0-bcad-f669b3ee48b4,Falcon 9 Block 5 | Amazonas Nexus,2023-02-07T01:32:00Z,Launch Successful,Falcon 9 Block 5,Space Launch Complex 40,"Cape Canaveral SFS, FL, USA",2023-02-07 01:32:00+00:00,,,Commercial / Other,,
072f9f30-3114-4e90-81c7-8111d7d9ae20,Falcon 9 Block 5 | Starlink Group 5-3,2023-02-02T07:58:20Z,Launch Successful,Falcon 9 Block 5,Launch Complex 39A,"Kennedy Space Center, FL, USA",2023-02-02 07:58:20+00:00,,,Starlink,,
f5a5ba75-16c4-4f30-9262-3195a2016f44,Falcon 9 Block 5 | Starlink Group 2-6 & ION SCV009,2023-01-31T16:15:00Z,Launch Successful,Falcon 9 Block 5,Space Launch Complex 4E,"Vandenberg SFB, CA, USA",2023-01-31 16:15:00+00:00,,,Starlink,,
8e6946a2-43d0-4804-b3de-f937966f8425,Falcon 9 Block 5 | Starlink Group 5-2,2023-01-26T09:32:20Z,Launch Successful,Falcon 9 Block 5,Space Launch Complex 40,"Cape Canaveral SFS, FL, USA",2023-01-26 09:32:20+00:00,,,Starlink,,
050eecbc-ebfc-4656-9fee-1dbc5e5c59a4,Falcon 9 Block 5 | Starlink Group 2-4,2023-01-19T15:43:10Z,Launch Successful,Falcon 9 Block 5,Space Launch Complex 4E,"Vandenberg SFB, CA, USA",2023-01-19 15:43:10+00:00,,,Starlink,,
572dbb78-06f5-47dd-be8c-593967333d81,Falcon 9 Block 5 | GPS III SV06,2023-01-18T12:24:00Z,Launch Successful,Falcon 9 Block 5,Space Launch Complex 40,"Cape Canaveral SFS, FL, USA",2023-01-18 12:24:00+00:00,,,Government / National Security,,
d0132d83-687d-44e5-8406-1b639a0906c9,Falcon 9 Block 5 | OneWeb 16,2023-01-10T04:50:17Z,Launch Successful,Falcon 9 Block 5,Space Launch Complex 40,"Cape Canaveral SFS, FL, USA",2023-01-10 04:50:17+00:00,,,Commercial / Other,,
fc0b222b-f55e-40d1-8f04-2a8885f9f075,Falcon 9 Block 5 | Transporter 6 (Dedicated SSO Rideshare),2023-01-03T14:55:56Z,Launch Successful,Falcon 9 Block 5,Space Launch Complex 40,"Cape Canaveral SFS, FL, USA",2023-01-03 14:55:56+00:00,,,Rideshare,,
fbd69a52-ede3-420f-8148-ffb251f6be94,Falcon 9 Block 5 | EROS-C3,2022-12-30T07:38:00Z,Launch Successful,Falcon 9 Block 5,Space Launch Complex 4E,"Vandenberg SFB, CA, USA",2022-12-30 07:38:00+00:00,,,Commercial / Other,,
d955a829-0222-41d8-8f69-ee1d5f851b93,Falcon 9 Block 5 | Starlink Group 5-1,2022-12-28T09:34:00Z,Launch Successful,Falcon 9 Block 5,Space Launch Complex 40,"Cape Canaveral SFS, FL, USA",2022-12-28 09:34:00+00:00,,,Starlink,,
bf91b6d9-f517-4198-843c-dc82dfa6f9b0,Falcon 9 Block 5 | Starlink Group 4-37,2022-12-17T21:32:30Z,Launch Successful,Falcon 9 Block 5,Launch Complex 39A,"Kennedy Space Center, FL, USA",2022-12-17 21:32:30+00:00,,,Starlink,,
7105c4f4-7427-4f9a-a959-a8ecedd6062b,Falcon 9 Block 5 | O3b mPower 1 & 2,2022-12-16T22:48:00Z,Launch Successful,Falcon 9 Block 5,Space Launch Complex 40,"Cape Canaveral SFS, FL, USA",2022-12-16 22:48:00+00:00,,,Commercial / Other,,
8226d219-b612-4797-a9d2-c5ca7ab0b076,Falcon 9 Block 5 | SWOT (Surface Water and Ocean Topography),2022-12-16T11:46:47Z,Launch Successful,Falcon 9 Block 5,Space Launch Complex 4E,"Vandenberg SFB, CA, USA",2022-12-16 11:46:47+00:00,,,Commercial / Other,,
2306e0bc-e1a3-4a4a-9285-e1a94073655e,Falcon 9 Block 5 | Hakuto-R M1 & Lunar Flashlight,2022-12-11T07:38:13Z,Launch Successful,Falcon 9 Block 5,Space Launch Complex 40,"Cape Canaveral SFS, FL, USA",2022-12-11 07:38:13+00:00,,,Commercial / Other,,
03d55128-630b-4630-b3b1-2d9bf34946a8,Falcon 9 Block 5 | OneWeb 15,2022-12-08T22:27:48Z,Launch Successful,Falcon 9 Block 5,Launch Complex 39A,"Kennedy Space Center, FL, USA",2022-12-08 22:27:48+00:00,,,Commercial / Other,,
8b360e14-f90d-4a34-9a81-cb5a5ac364c1,Falcon 9 Block 5 | Dragon CRS-2 SpX-26,2022-11-26T19:20:43Z,Launch Successful,Falcon 9 Block 5,Launch Complex 39A,"Kennedy Space Center, FL, USA",2022-11-26 19:20:43+00:00,,,Crew / Human Spaceflight,,
d39b1374-21d3-467a-967d-f22a2cc199e3,Falcon 9 Block 5 | Eutelsat 10B,2022-11-23T02:57:00Z,Launch Successful,Falcon 9 Block 5,Space Launch Complex 40,"Cape Canaveral SFS, FL, USA",2022-11-23 02:57:00+00:00,,,Commercial / Other,,
409f94d5-f3ef-4e33-b639-5c8e66a506fc,Falcon 9 Block 5 | Galaxy 31 & 32,2022-11-12T16:06:00Z,Launch Successful,Falcon 9 Block 5,Space Launch Complex 40,"Cape Canaveral SFS, FL, USA",2022-11-12 16:06:00+00:00,,,Commercial / Other,,
baf2eb66-6cfc-48bb-9ced-85c40218abf1,Falcon 9 Block 5 | Hotbird 13G,2022-11-03T05:22:00Z,Launch Successful,Falcon 9 Block 5,Space Launch Complex 40,"Cape Canaveral SFS, FL, USA",2022-11-03 05:22:00+00:00,,,Commercial / Other,,
4d3bde71-3ead-4236-af5b-eccfa7549f4f,Falcon 9 Block 5 | Starlink Group 4-31,2022-10-28T01:14:10Z,Launch Successful,Falcon 9 Block 5,Space Launch Complex 4E,"Vandenberg SFB, CA, USA",2022-10-28 01:14:10+00:00,,,Starlink,,
adcb0090-6f97-40c2-821f-104b5ed3e9c7,Falcon 9 Block 5 | Starlink Group 4-36,2022-10-20T14:50:40Z,Launch Successful,Falcon 9 Block 5,Space Launch Complex 40,"Cape Canaveral SFS, FL, USA",2022-10-20 14:50:40+00:00,,,Starlink,,
13977bd5-45d2-4ed1-9a4a-9fefeee0723a,Falcon 9 Block 5 | Hotbird 13F,2022-10-15T05:22:00Z,Launch Successful,Falcon 9 Block 5,Space Launch Complex 40,"Cape Canaveral SFS, FL, USA",2022-10-15 05:22:00+00:00,,,Commercial / Other,,
03ee73b8-a553-4575-8dfa-d0da4e7939e9,Falcon 9 Block 5 | Galaxy 33 & 34,2022-10-08T23:05:00Z,Launch Successful,Falcon 9 Block 5,Space Launch Complex 40,"Cape Canaveral SFS, FL, USA",2022-10-08 23:05:00+00:00,,,Commercial / Other,,
597cbe7c-4df2-46f2-9234-a3747e0a105b,Falcon 9 Block 5 | Starlink Group 4-29,2022-10-05T23:10:30Z,Launch Successful,Falcon 9 Block 5,Space Launch Complex 4E,"Vandenberg SFB, CA, USA",2022-10-05 23:10:30+00:00,,,Starlink,,
f33d5ece-e825-4cd8-809f-1d4c72a2e0d3,Falcon 9 Block 5 | Crew-5,2022-10-05T16:00:57Z,Launch Successful,Falcon 9 Block 5,Launch Complex 39A,"Kennedy Space Center, FL, USA",2022-10-05 16:00:57+00:00,,,Crew / Human Spaceflight,,
1c903b65-6667-4fd5-944d-296c5f13e01f,Falcon 9 Block 5 | Starlink Group 4-35,2022-09-24T23:32:10Z,Launch Successful,Falcon 9 Block 5,Space Launch Complex 40,"Cape Canaveral SFS, FL, USA",2022-09-24 23:32:10+00:00,,,Starlink,,
9ba04064-c329-40bf-b477-ff468d7d8058,Falcon 9 Block 5 | Starlink Group 4-34,2022-09-19T00:18:40Z,Launch Successful,Falcon 9 Block 5,Space Launch Complex 40,"Cape Canaveral SFS, FL, USA",2022-09-19 00:18:40+00:00,,,Starlink,,
992823ad-f843-4a4a-beca-882b8ce8773a,Falcon 9 Block 5 | Starlink Group 4-2 & BlueWalker 3,2022-09-11T01:20:00Z,Launch Successful,Falcon 9 Block 5,Launch Complex 39A,"Kennedy Space Center, FL, USA",2022-09-11 01:20:00+00:00,,,Starlink,,
84bf3b54-96ca-4ac4-bbaf-e25ed03e831c,Falcon 9 Block 5 | Starlink Group 4-20 & Varuna-TDM,2022-09-05T02:09:40Z,Launch Successful,Falcon 9 Block 5,Space Launch Complex 40,"Cape Canaveral SFS, FL, USA",2022-09-05 02:09:40+00:00,,,Starlink,,
576b04d6-1962-4bda-b43f-0da4138d192d,Falcon 9 Block 5 | Starlink Group 3-4,2022-08-31T05:40:10Z,Launch Successful,Falcon 9 Block 5,Space Launch Complex 4E,"Vandenberg SFB, CA, USA",2022-08-31 05:40:10+00:00,,,Starlink,,
67158b3c-201d-4450-be8a-990010c05b40,Falcon 9 Block 5 | Starlink Group 4-23,2022-08-28T03:41:20Z,Launch Successful,Falcon 9 Block 5,Space Launch Complex 40,"Cape Canaveral SFS, FL, USA",2022-08-28 03:41:20+00:00,,,Starlink,,
4a114237-e8c5-4248-8d30-7a9026b86430,Falcon 9 Block 5 | Starlink Group 4-27,2022-08-19T19:21:20Z,Launch Successful,Falcon 9 Block 5,Space Launch Complex 40,"Cape Canaveral SFS, FL, USA",2022-08-19 19:21:20+00:00,,,Starlink,,
4f2c5733-5019-4f7a-8403-15a1a270bf96,Falcon 9 Block 5 | Starlink Group 3-3,2022-08-12T21:40:20Z,Launch Successful,Falcon 9 Block 5,Space Launch Complex 4E,"Vandenberg SFB, CA, USA",2022-08-12 21:40:20+00:00,,,Starlink,,
a6b9deb4-f78d-4b57-8e47-98c5aea99d9e,Falcon 9 Block 5 | Starlink Group 4-26,2022-08-10T02:14:40Z,Launch Successful,Falcon 9 Block 5,Launch Complex 39A,"Kennedy Space Center, FL, USA",2022-08-10 02:14:40+00:00,,,Starlink,,
75d7306e-1d76-4c0b-9dc4-98dee7b9af59,Falcon 9 Block 5 | Danuri (KPLO - Korean Pathfinder Lunar Orbiter),2022-08-04T23:08:48Z,Launch Successful,Falcon 9 Block 5,Space Launch Complex 40,"Cape Canaveral SFS, FL, USA",2022-08-04 23:08:48+00:00,,,Commercial / Other,,
4ddf282b-94a1-418e-b3f6-7d8e753fdfec,Falcon 9 Block 5 | Starlink Group 4-25,2022-07-24T13:38:20Z,Launch Successful,Falcon 9 Block 5,Launch Complex 39A,"Kennedy Space Center, FL, USA",2022-07-24 13:38:20+00:00,,,Starlink,,
b3d0dafc-9b12-4c35-8ceb-3fa21802236f,Falcon 9 Block 5 | Starlink Group 3-2,2022-07-22T17:39:40Z,Launch Successful,Falcon 9 Block 5,Space Launch Complex 4E,"Vandenberg SFB, CA, USA",2022-07-22 17:39:40+00:00,,,Starlink,,
84f9bbdd-0e2c-468e-b1d0-73d640745c13,Falcon 9 Block 5 | Starlink Group 4-22,2022-07-17T14:20:00Z,Launch Successful,Falcon 9 Block 5,Space Launch Complex 40,"Cape Canaveral SFS, FL, USA",2022-07-17 14:20:00+00:00,,,Starlink,,
2773613e-58eb-4b99-8120-595c92aa3390,Falcon 9 Block 5 | Dragon CRS-2 SpX-25,2022-07-15T00:44:20Z,Launch Successful,Falcon 9 Block 5,Launch Complex 39A,"Kennedy Space Center, FL, USA",2022-07-15 00:44:20+00:00,,,Crew / Human Spaceflight,,
051c4c90-a89d-4a86-a77f-c7e22b9cb458,Falcon 9 Block 5 | Starlink Group 3-1,2022-07-11T01:39:40Z,Launch Successful,Falcon 9 Block 5,Space Launch Complex 4E,"Vandenberg SFB, CA, USA",2022-07-11 01:39:40+00:00,,,Starlink,,
ac4ce8e1-fd76-4654-8809-5500ba792a8a,Falcon 9 Block 5 | Starlink Group 4-21,2022-07-07T13:11:00Z,Launch Successful,Falcon 9 Block 5,Space Launch Complex 40,"Cape Canaveral SFS, FL, USA",2022-07-07 13:11:00+00:00,,,Starlink,,
86a3010e-f8ef-4b64-a029-f4f92829772d,Falcon 9 Block 5 | SES-22,2022-06-29T21:04:00Z,Launch Successful,Falcon 9 Block 5,Space Launch Complex 40,"Cape Canaveral SFS, FL, USA",2022-06-29 21:04:00+00:00,,,Commercial / Other,,
33223258-614c-449c-8af7-a9f75cc036b2,Falcon 9 Block 5 | Globalstar-2 FM15 & USA 328-331,2022-06-19T04:27:36Z,Launch Successful,Falcon 9 Block 5,Space Launch Complex 40,"Cape Canaveral SFS, FL, USA",2022-06-19 04:27:36+00:00,,,Commercial / Other,,
4ca945f6-981f-4ee9-8a79-f1204b785f8c,Falcon 9 Block 5 | SARah 1,2022-06-18T14:19:52Z,Launch Successful,Falcon 9 Block 5,Space Launch Complex 4E,"Vandenberg SFB, CA, USA",2022-06-18 14:19:52+00:00,,,Commercial / Other,,
179789f0-9380-4182-8ea2-676504c2f890,Falcon 9 Block 5 | Starlink Group 4-19,2022-06-17T16:08:50Z,Launch Successful,Falcon 9 Block 5,Launch Complex 39A,"Kennedy Space Center, FL, USA",2022-06-17 16:08:50+00:00,,,Starlink,,
62fb58f6-1d43-4b24-862f-6ac5bee5f723,Falcon 9 Block 5 | Nilesat-301,2022-06-08T21:04:00Z,Launch Successful,Falcon 9 Block 5,Space Launch Complex 40,"Cape Canaveral SFS, FL, USA",2022-06-08 21:04:00+00:00,,,Commercial / Other,,
949421ac-3802-499b-b383-d8274de7e147,Falcon 9 Block 5 | Transporter 5 (Dedicated SSO Rideshare),2022-05-25T18:35:00Z,Launch Successful,Falcon 9 Block 5,Space Launch Complex 40,"Cape Canaveral SFS, FL, USA",2022-05-25 18:35:00+00:00,,,Rideshare,,
27795b91-eb0e-43f1-898b-a23d9ff332db,Falcon 9 Block 5 | Starlink Group 4-18,2022-05-18T10:59:40Z,Launch Successful,Falcon 9 Block 5,Launch Complex 39A,"Kennedy Space Center, FL, USA",2022-05-18 10:59:40+00:00,,,Starlink,,
b418d984-a9d1-4fa3-953d-c684a079714c,Falcon 9 Block 5 | Starlink Group 4-15,2022-05-14T20:40:50Z,Launch Successful,Falcon 9 Block 5,Space Launch Complex 40,"Cape Canaveral SFS, FL, USA",2022-05-14 20:40:50+00:00,,,Starlink,,
0bc91464-1d61-4545-95c8-01040dc5eec9,Falcon 9 Block 5 | Starlink Group 4-13,2022-05-13T22:07:50Z,Launch Successful,Falcon 9 Block 5,Space Launch Complex 4E,"Vandenberg SFB, CA, USA",2022-05-13 22:07:50+00:00,,,Starlink,,
4f25c927-6a49-4472-814f-4f1a20d93604,Falcon 9 Block 5 | Starlink Group 4-17,2022-05-06T09:42:00Z,Launch Successful,Falcon 9 Block 5,Launch Complex 39A,"Kennedy Space Center, FL, USA",2022-05-06 09:42:00+00:00,,,Starlink,,
b79a9332-4c0c-42a2-a59b-aafcd5d4721d,Falcon 9 Block 5 | Starlink Group 4-16,2022-04-29T21:27:10Z,Launch Successful,Falcon 9 Block 5,Space Launch Complex 40,"Cape Canaveral SFS, FL, USA",2022-04-29 21:27:10+00:00,,,Starlink,,
d786d8fc-862b-45bf-8f7b-9ad862883f67,Falcon 9 Block 5 | Crew-4,2022-04-27T07:52:55Z,Launch Successful,Falcon 9 Block 5,Launch Complex 39A,"Kennedy Space Center, FL, USA",2022-04-27 07:52:55+00:00,,,Crew / Human Spaceflight,,
2c5447d7-36c5-40fd-88de-47ed6b258bdb,Falcon 9 Block 5 | Starlink Group 4-14,2022-04-21T17:51:40Z,Launch Successful,Falcon 9 Block 5,Space Launch Complex 40,"Cape Canaveral SFS, FL, USA",2022-04-21 17:51:40+00:00,,,Starlink,,
42932355-c450-4250-a885-2d2709fd7cfc,Falcon 9 Block 5 | NROL-85,2022-04-17T13:13:12Z,Launch Successful,Falcon 9 Block 5,Space Launch Complex 4E,"Vandenberg SFB, CA, USA",2022-04-17 13:13:12+00:00,,,Government / National Security,,
a3eeb03b-a209-4255-91b5-772dc0d2150e,Falcon 9 Block 5 | Axiom Space Mission 1,2022-04-08T15:17:11Z,Launch Successful,Falcon 9 Block 5,Launch Complex 39A,"Kennedy Space Center, FL, USA",2022-04-08 15:17:11+00:00,,,Crew / Human Spaceflight,,
335acce9-a35c-436c-9a22-a2505f20957f,Falcon 9 Block 5 | Transporter 4 (Dedicated SSO Rideshare),2022-04-01T16:24:17Z,Launch Successful,Falcon 9 Block 5,Space Launch Complex 40,"Cape Canaveral SFS, FL, USA",2022-04-01 16:24:17+00:00,,,Rideshare,,
72188aca-810d-40b9-887d-43040614dd2c,Falcon 9 Block 5 | Starlink Group 4-12,2022-03-19T04:42:30Z,Launch Successful,Falcon 9 Block 5,Space Launch Complex 40,"Cape Canaveral SFS, FL, USA",2022-03-19 04:42:30+00:00,,,Starlink,,
d8c7fbe0-6a32-42dc-8c24-f1c632adc8b5,Falcon 9 Block 5 | Starlink Group 4-10,2022-03-09T13:45:00Z,Launch Successful,Falcon 9 Block 5,Space Launch Complex 40,"Cape Canaveral SFS, FL, USA",2022-03-09 13:45:00+00:00,,,Starlink,,
861795c5-e694-4d3e-b22f-a356a31cd5d8,Falcon 9 Block 5 | Starlink Group 4-9,2022-03-03T14:25:00Z,Launch Successful,Falcon 9 Block 5,Launch Complex 39A,"Kennedy Space Center, FL, USA",2022-03-03 14:25:00+00:00,,,Starlink,,
b7b24770-f9dd-40eb-adad-da95e917e55d,Falcon 9 Block 5 | Starlink Group 4-11,2022-02-25T17:12:10Z,Launch Successful,Falcon 9 Block 5,Space Launch Complex 4E,"Vandenberg SFB, CA, USA",2022-02-25 17:12:10+00:00,,,Starlink,,
398e713f-5daa-4fb9-a70a-0b8654baf5d1,Falcon 9 Block 5 | Starlink Group 4-8,2022-02-21T14:44:20Z,Launch Successful,Falcon 9 Block 5,Space Launch Complex 40,"Cape Canaveral SFS, FL, USA",2022-02-21 14:44:20+00:00,,,Starlink,,
de39dd1a-0f72-4afd-a6b9-1b848b246071,Falcon 9 Block 5 | Starlink Group 4-7,2022-02-03T18:13:20Z,Launch Successful,Falcon 9 Block 5,Launch Complex 39A,"Kennedy Space Center, FL, USA",2022-02-03 18:13:20+00:00,,,Starlink,,
2e650790-ff3e-434a-b028-a6a1a13cfc94,Falcon 9 Block 5 | NROL-87,2022-02-02T20:27:26Z,Launch Successful,Falcon 9 Block 5,Space Launch Complex 4E,"Vandenberg SFB, CA, USA",2022-02-02 20:27:26+00:00,,,Government / National Security,,
23229c2b-abb7-4b94-b624-981a9adc88d2,Falcon 9 Block 5 | CSG-2,2022-01-31T23:11:14Z,Launch Successful,Falcon 9 Block 5,Space Launch Complex 40,"Cape Canaveral SFS, FL, USA",2022-01-31 23:11:14+00:00,,,Commercial / Other,,
50ac28f2-024f-442f-837d-dab8107304ec,Falcon 9 Block 5 | Starlink Group 4-6,2022-01-19T02:02:40Z,Launch Successful,Falcon 9 Block 5,Launch Complex 39A,"Kennedy Space Center, FL, USA",2022-01-19 02:02:40+00:00,,,Starlink,,
c660df6f-7e33-4c90-a0f5-b27c8cb4c974,Falcon 9 Block 5 | Transporter 3 (Dedicated SSO Rideshare),2022-01-13T15:25:39Z,Launch Successful,Falcon 9 Block 5,Space Launch Complex 40,"Cape Canaveral SFS, FL, USA",2022-01-13 15:25:39+00:00,,,Rideshare,,
3ddb1934-2b57-489b-b5d2-31d4990604eb,Falcon 9 Block 5 | Starlink Group 4-5,2022-01-06T21:49:10Z,Launch Successful,Falcon 9 Block 5,Launch Complex 39A,"Kennedy Space Center, FL, USA",2022-01-06 21:49:10+00:00,,,Starlink,,
878ba32c-5e93-4d2b-95c3-24b60c8b05e7,Falcon 9 Block 5 | Dragon CRS-2 SpX-24,2021-12-21T10:07:08Z,Launch Successful,Falcon 9 Block 5,Launch Complex 39A,"Kennedy Space Center, FL, USA",2021-12-21 10:07:08+00:00,,,Crew / Human Spaceflight,,
16d0c02e-0bb1-45d5-a3f5-7c4ff6cf6de1,Falcon 9 Block 5 | Türksat 5B,2021-12-19T03:58:39Z,Launch Successful,Falcon 9 Block 5,Space Launch Complex 40,"Cape Canaveral SFS, FL, USA",2021-12-19 03:58:39+00:00,,,Commercial / Other,,
0d4b0c0f-3d72-4cb2-b596-dc526ad178a6,Falcon 9 Block 5 | Starlink Group 4-4,2021-12-18T12:41:40Z,Launch Successful,Falcon 9 Block 5,Space Launch Complex 4E,"Vandenberg SFB, CA, USA",2021-12-18 12:41:40+00:00,,,Starlink,,
dfb2cc3b-8cd8-41b6-a83a-22b2a742ba4b,Falcon 9 Block 5 | X-Ray Polarimetry Explorer (IXPE),2021-12-09T06:00:00Z,Launch Successful,Falcon 9 Block 5,Launch Complex 39A,"Kennedy Space Center, FL, USA",2021-12-09 06:00:00+00:00,,,Commercial / Other,,
56db9abd-41b8-41a3-9d6d-88e52460682b,Falcon 9 Block 5 | Starlink Group 4-3,2021-12-02T23:12:00Z,Launch Successful,Falcon 9 Block 5,Space Launch Complex 40,"Cape Canaveral SFS, FL, USA",2021-12-02 23:12:00+00:00,,,Starlink,,
c4b2f90e-3385-4cbe-a89f-fc5f57da1bfb,Falcon 9 Block 5 | Double Asteroid Redirection Test (DART),2021-11-24T06:21:02Z,Launch Successful,Falcon 9 Block 5,Space Launch Complex 4E,"Vandenberg SFB, CA, USA",2021-11-24 06:21:02+00:00,,,Commercial / Other,,
e4200e5c-2726-43f2-8439-36bd1be59821,Falcon 9 Block 5 | Starlink Group 4-1,2021-11-13T12:18:56Z,Launch Successful,Falcon 9 Block 5,Space Launch Complex 40,"Cape Canaveral SFS, FL, USA",2021-11-13 12:18:56+00:00,,,Starlink,,
0d779392-1a36-4c1e-b0b8-ec11e3031ee6,Falcon 9 Block 5 | Crew-3,2021-11-11T02:03:31Z,Launch Successful,Falcon 9 Block 5,Launch Complex 39A,"Kennedy Space Center, FL, USA",2021-11-11 02:03:31+00:00,,,Crew / Human Spaceflight,,
621d64e6-0513-45dc-8ffa-c9fd56518398,Falcon 9 Block 5 | Inspiration4,2021-09-16T00:02:56Z,Launch Successful,Falcon 9 Block 5,Launch Complex 39A,"Kennedy Space Center, FL, USA",2021-09-16 00:02:56+00:00,,,Crew / Human Spaceflight,,
6b9f9fe6-7f94-498b-a664-7c9e42dbe76d,Falcon 9 Block 5 | Starlink Group 2-1,2021-09-14T03:55:50Z,Launch Successful,Falcon 9 Block 5,Space Launch Complex 4E,"Vandenberg SFB, CA, USA",2021-09-14 03:55:50+00:00,,,Starlink,,
13386512-85bb-4c93-a9b0-f5eac05fbe4f,Falcon 9 Block 5 | Dragon CRS-2 SpX-23,2021-08-29T07:14:49Z,Launch Successful,Falcon 9 Block 5,Launch Complex 39A,"Kennedy Space Center, FL, USA",2021-08-29 07:14:49+00:00,,,Crew / Human Spaceflight,,
5d248abe-17ef-43ce-9c04-aef33af40520,Falcon 9 Block 5 | Transporter 2 (Dedicated SSO Rideshare),2021-06-30T19:31:00Z,Launch Successful,Falcon 9 Block 5,Space Launch Complex 40,"Cape Canaveral SFS, FL, USA",2021-06-30 19:31:00+00:00,,,Rideshare,,
110c808a-a091-47ab-8532-4fa058c1de7a,Falcon 9 Block 5 | GPS III SV05,2021-06-17T16:09:35Z,Launch Successful,Falcon 9 Block 5,Space Launch Complex 40,"Cape Canaveral SFS, FL, USA",2021-06-17 16:09:35+00:00,,,Government / National Security,,
edaf9a8d-d67c-4e0e-8452-a37b111581d5,Falcon 9 Block 5 | Sirius SXM-8,2021-06-06T04:26:00Z,Launch Successful,Falcon 9 Block 5,Space Launch Complex 40,"Cape Canaveral SFS, FL, USA",2021-06-06 04:26:00+00:00,,,Commercial / Other,,
89a150ea-6e4b-489f-853c-3603ae684611,Falcon 9 Block 5 | Dragon CRS-2 SpX-22,2021-06-03T17:29:15Z,Launch Successful,Falcon 9 Block 5,Launch Complex 39A,"Kennedy Space Center, FL, USA",2021-06-03 17:29:15+00:00,,,Crew / Human Spaceflight,,
fb25ecf0-fb51-4b5e-b678-105f6ba4c06e,Falcon 9 Block 5 | Starlink 28,2021-05-26T18:59:00Z,Launch Successful,Falcon 9 Block 5,Space Launch Complex 40,"Cape Canaveral SFS, FL, USA",2021-05-26 18:59:00+00:00,,,Starlink,,
c32d1f5e-2dd9-4b55-ac8b-3eb8c4a4e955,Falcon 9 Block 5 | Starlink 26,2021-05-15T22:56:00Z,Launch Successful,Falcon 9 Block 5,Launch Complex 39A,"Kennedy Space Center, FL, USA",2021-05-15 22:56:00+00:00,,,Starlink,,
e5085f22-208b-4b28-b66c-fd4bd9df90e7,Falcon 9 Block 5 | Starlink 27,2021-05-09T06:42:00Z,Launch Successful,Falcon 9 Block 5,Space Launch Complex 40,"Cape Canaveral SFS, FL, USA",2021-05-09 06:42:00+00:00,,,Starlink,,
1ecc82c0-c5c8-41f0-aa58-b50a3b839ae0,Falcon 9 Block 5 | Starlink 25,2021-05-04T19:01:00Z,Launch Successful,Falcon 9 Block 5,Launch Complex 39A,"Kennedy Space Center, FL, USA",2021-05-04 19:01:00+00:00,,,Starlink,,
fbd23c86-89d0-4d3f-b5fb-5d7165d05cca,Falcon 9 Block 5 | Starlink 24,2021-04-29T03:44:30Z,Launch Successful,Falcon 9 Block 5,Space Launch Complex 40,"Cape Canaveral SFS, FL, USA",2021-04-29 03:44:30+00:00,,,Starlink,,
32dcb5ad-7609-4fc0-8094-768ee5c2ebe0,Falcon 9 Block 5 | Crew-2,2021-04-23T09:49:02Z,Launch Successful,Falcon 9 Block 5,Launch Complex 39A,"Kennedy Space Center, FL, USA",2021-04-23 09:49:02+00:00,,,Crew / Human Spaceflight,,
385455f4-067e-4c24-9937-ca8283ed3307,Falcon 9 Block 5 | Starlink 23,2021-04-07T16:34:00Z,Launch Successful,Falcon 9 Block 5,Space Launch Complex 40,"Cape Canaveral SFS, FL, USA",2021-04-07 16:34:00+00:00,,,Starlink,,
ec03fe36-fe2a-4e43-8e10-d07d5349f1de,Falcon 9 Block 5 | Starlink 22,2021-03-24T08:28:00Z,Launch Successful,Falcon 9 Block 5,Space Launch Complex 40,"Cape Canaveral SFS, FL, USA",2021-03-24 08:28:00+00:00,,,Starlink,,
896d876d-e834-4810-8a5e-44d6b6a42630,Falcon 9 Block 5 | Starlink 21,2021-03-14T10:01:26Z,Launch Successful,Falcon 9 Block 5,Launch Complex 39A,"Kennedy Space Center, FL, USA",2021-03-14 10:01:26+00:00,,,Starlink,,
134eb787-244e-4131-8b03-c9fbd0a11efc,Falcon 9 Block 5 | Starlink 20,2021-03-11T08:13:29Z,Launch Successful,Falcon 9 Block 5,Space Launch Complex 40,"Cape Canaveral SFS, FL, USA",2021-03-11 08:13:29+00:00,,,Starlink,,
dfd4f0e0-0ab4-494d-bd88-1b93b934b269,Falcon 9 Block 5 | Starlink 17,2021-03-04T08:24:54Z,Launch Successful,Falcon 9 Block 5,Launch Complex 39A,"Kennedy Space Center, FL, USA",2021-03-04 08:24:54+00:00,,,Starlink,,
985f1cc1-82c1-4a89-b2cc-e9dc91829a0e,Falcon 9 Block 5 | Starlink 19,2021-02-16T03:59:37Z,Launch Successful,Falcon 9 Block 5,Space Launch Complex 40,"Cape Canaveral SFS, FL, USA",2021-02-16 03:59:37+00:00,,,Starlink,,
f31702e8-6353-4c9a-932c-5bd104717500,Falcon 9 Block 5 | Starlink 18,2021-02-04T06:19:54Z,Launch Successful,Falcon 9 Block 5,Space Launch Complex 40,"Cape Canaveral SFS, FL, USA",2021-02-04 06:19:54+00:00,,,Starlink,,
f213a5df-579a-4682-8143-df228e463049,Falcon 9 Block 5 | Transporter 1 (Dedicated SSO Rideshare),2021-01-24T15:00:00Z,Launch Successful,Falcon 9 Block 5,Space Launch Complex 40,"Cape Canaveral SFS, FL, USA",2021-01-24 15:00:00+00:00,,,Rideshare,,
74426779-131d-416f-9ff5-dd879e231292,Falcon 9 Block 5 | Starlink 16,2021-01-20T13:02:00Z,Launch Successful,Falcon 9 Block 5,Launch Complex 39A,"Kennedy Space Center, FL, USA",2021-01-20 13:02:00+00:00,,,Starlink,,
d5d607b7-05ed-4142-8703-14b553c195e0,Falcon 9 Block 5 | Türksat 5A,2021-01-08T02:15:00Z,Launch Successful,Falcon 9 Block 5,Space Launch Complex 40,"Cape Canaveral SFS, FL, USA",2021-01-08 02:15:00+00:00,,,Commercial / Other,,
528b72ff-e47e-46a3-b7ad-23b2ffcec2f2,Falcon 9 Block 5 | NROL-108,2020-12-19T14:00:00Z,Launch Successful,Falcon 9 Block 5,Launch Complex 39A,"Kennedy Space Center, FL, USA",2020-12-19 14:00:00+00:00,,,Government / National Security,,
fd63c683-f3e4-465a-8230-b9ba62744c7d,Falcon 9 Block 5 | Sirius SXM-7,2020-12-13T17:30:00Z,Launch Successful,Falcon 9 Block 5,Space Launch Complex 40,"Cape Canaveral SFS, FL, USA",2020-12-13 17:30:00+00:00,,,Commercial / Other,,
06dfcb34-0b76-4fbc-9046-09ab66db7b83,Falcon 9 Block 5 | Dragon CRS-2 SpX-21,2020-12-06T16:17:08Z,Launch Successful,Falcon 9 Block 5,Launch Complex 39A,"Kennedy Space Center, FL, USA",2020-12-06 16:17:08+00:00,,,Crew / Human Spaceflight,,
145b2935-8b72-44b2-8bda-4c27887721fd,Falcon 9 Block 5 | Starlink 15,2020-11-25T02:13:12Z,Launch Successful,Falcon 9 Block 5,Space Launch Complex 40,"Cape Canaveral SFS, FL, USA",2020-11-25 02:13:12+00:00,,,Starlink,,
56623c2d-7174-489c-b0ed-bf6f039b2412,Falcon 9 Block 5 | Sentinel-6 Michael Freilich,2020-11-21T17:17:08Z,Launch Successful,Falcon 9 Block 5,Space Launch Complex 4E,"Vandenberg SFB, CA, USA",2020-11-21 17:17:08+00:00,,,Commercial / Other,,
0ede12be-ac6d-4571-9d0c-b2a85b5cf280,Falcon 9 Block 5 | Crew-1,2020-11-16T00:27:17Z,Launch Successful,Falcon 9 Block 5,Launch Complex 39A,"Kennedy Space Center, FL, USA",2020-11-16 00:27:17+00:00,,,Crew / Human Spaceflight,,
23e362ae-8523-4224-9447-d05c4db03b8f,Falcon 9 Block 5 | GPS III SV04,2020-11-05T23:24:23Z,Launch Successful,Falcon 9 Block 5,Space Launch Complex 40,"Cape Canaveral SFS, FL, USA",2020-11-05 23:24:23+00:00,,,Government / National Security,,
47c91a03-2e98-42c9-8751-d8fb36c89c99,Falcon 9 Block 5 | Starlink 14,2020-10-24T15:31:34Z,Launch Successful,Falcon 9 Block 5,Space Launch Complex 40,"Cape Canaveral SFS, FL, USA",2020-10-24 15:31:34+00:00,,,Starlink,,
2b04a116-8460-42f9-8d4b-b65c73ed3e49,Falcon 9 Block 5 | Starlink 13,2020-10-18T12:25:57Z,Launch Successful,Falcon 9 Block 5,Launch Complex 39A,"Kennedy Space Center, FL, USA",2020-10-18 12:25:57+00:00,,,Starlink,,
8cbc59c0-60fb-4b8c-8a11-1edda0a82ab5,Falcon 9 Block 5 | Starlink 12,2020-10-06T11:29:34Z,Launch Successful,Falcon 9 Block 5,Launch Complex 39A,"Kennedy Space Center, FL, USA",2020-10-06 11:29:34+00:00,,,Starlink,,
82b600f6-6c2d-4694-a263-cec4525714cf,Falcon 9 Block 5 | Starlink 11,2020-09-03T12:46:14Z,Launch Successful,Falcon 9 Block 5,Launch Complex 39A,"Kennedy Space Center, FL, USA",2020-09-03 12:46:14+00:00,,,Starlink,,
98a5da32-4719-495b-9713-fcb5c058f31c,Falcon 9 Block 5 | SAOCOM 1B,2020-08-30T23:18:00Z,Launch Successful,Falcon 9 Block 5,Space Launch Complex 40,"Cape Canaveral SFS, FL, USA",2020-08-30 23:18:00+00:00,,,Commercial / Other,,
24b3b696-9253-4088-92f2-c7762f4e0a4c,Falcon 9 Block 5 | Starlink 10,2020-08-18T14:31:00Z,Launch Successful,Falcon 9 Block 5,Space Launch Complex 40,"Cape Canaveral SFS, FL, USA",2020-08-18 14:31:00+00:00,,,Starlink,,
955fe2fa-b4c8-4a17-a22f-3b7aefa44444,Falcon 9 Block 5 | Starlink 9,2020-08-07T05:12:00Z,Launch Successful,Falcon 9 Block 5,Launch Complex 39A,"Kennedy Space Center, FL, USA",2020-08-07 05:12:00+00:00,,,Starlink,,
7e9fd521-c3af-4c55-9873-93bfe9945749,Falcon 9 Block 5 | ANASIS-II,2020-07-20T21:30:00Z,Launch Successful,Falcon 9 Block 5,Space Launch Complex 40,"Cape Canaveral SFS, FL, USA",2020-07-20 21:30:00+00:00,,,Commercial / Other,,
3825c276-87d9-4a4b-8128-b5abbb83d45a,Falcon 9 Block 5 | GPS III SV03,2020-06-30T20:10:46Z,Launch Successful,Falcon 9 Block 5,Space Launch Complex 40,"Cape Canaveral SFS, FL, USA",2020-06-30 20:10:46+00:00,,,Government / National Security,,
f0f2d68e-85b4-4051-9554-bb98b6148860,Falcon 9 Block 5 | Starlink 8,2020-06-13T09:21:18Z,Launch Successful,Falcon 9 Block 5,Space Launch Complex 40,"Cape Canaveral SFS, FL, USA",2020-06-13 09:21:18+00:00,,,Starlink,,
51dcfdc7-6dc8-42e3-8480-b41f24d874e3,Falcon 9 Block 5 | Starlink 7,2020-06-04T01:25:33Z,Launch Successful,Falcon 9 Block 5,Space Launch Complex 40,"Cape Canaveral SFS, FL, USA",2020-06-04 01:25:33+00:00,,,Starlink,,
e71d3b58-dede-43f3-ac73-cc2de9a307ad,Falcon 9 Block 5 | SpX-DM2 (Demonstration Mission 2),2020-05-30T19:22:45Z,Launch Successful,Falcon 9 Block 5,Launch Complex 39A,"Kennedy Space Center, FL, USA",2020-05-30 19:22:45+00:00,,,Commercial / Other,,
f10b74d3-149a-46cb-b815-002f4bc0e7d1,Falcon 9 Block 5 | Starlink 6,2020-04-22T19:30:00Z,Launch Successful,Falcon 9 Block 5,Launch Complex 39A,"Kennedy Space Center, FL, USA",2020-04-22 19:30:00+00:00,,,Starlink,,
fbf1234b-50ab-4414-92f9-1b53dad65d05,Falcon 9 Block 5 | Starlink 5,2020-03-18T12:16:39Z,Launch Successful,Falcon 9 Block 5,Launch Complex 39A,"Kennedy Space Center, FL, USA",2020-03-18 12:16:39+00:00,,,Starlink,,
e7f4d577-40dc-44a4-81a7-d1ae42244d45,Falcon 9 Block 5 | SpX CRS-20,2020-03-07T04:50:31Z,Launch Successful,Falcon 9 Block 5,Space Launch Complex 40,"Cape Canaveral SFS, FL, USA",2020-03-07 04:50:31+00:00,,,Crew / Human Spaceflight,,
93750120-d8ac-4ccf-ac7a-7e1cfa39c775,Falcon 9 Block 5 | Starlink 4,2020-02-17T15:05:55Z,Launch Successful,Falcon 9 Block 5,Space Launch Complex 40,"Cape Canaveral SFS, FL, USA",2020-02-17 15:05:55+00:00,,,Starlink,,
76b54190-738f-4528-bf1f-ca4c8b14d07b,Falcon 9 Block 5 | Starlink 3,2020-01-29T14:06:00Z,Launch Successful,Falcon 9 Block 5,Space Launch Complex 40,"Cape Canaveral SFS, FL, USA",2020-01-29 14:06:00+00:00,,,Starlink,,
41495097-341b-4ec5-b7e5-a450cf45fc23,Falcon 9 Block 5 | Dragon In-Flight Abort Test,2020-01-19T15:30:00Z,Launch Successful,Falcon 9 Block 5,Launch Complex 39A,"Kennedy Space Center, FL, USA",2020-01-19 15:30:00+00:00,,,Commercial / Other,,
a2851487-eb93-4a98-98a5-a130ed57937a,Falcon 9 Block 5 | Starlink 2,2020-01-07T02:19:21Z,Launch Successful,Falcon 9 Block 5,Space Launch Complex 40,"Cape Canaveral SFS, FL, USA",2020-01-07 02:19:21+00:00,,,Starlink,,
5e63ba5c-92f9-4f30-b5d1-691748c2efa3,Falcon 9 Block 5 | JCSAT-18/KACIFIC-1,2019-12-17T00:10:00Z,Launch Successful,Falcon 9 Block 5,Space Launch Complex 40,"Cape Canaveral SFS, FL, USA",2019-12-17 00:10:00+00:00,,,Commercial / Other,,
4425a1b9-1c3d-4100-99f4-c0934264fc56,Falcon 9 Block 5 | SpX CRS-19,2019-12-05T17:29:24Z,Launch Successful,Falcon 9 Block 5,Space Launch Complex 40,"Cape Canaveral SFS, FL, USA",2019-12-05 17:29:24+00:00,,,Crew / Human Spaceflight,,
501900f6-ede7-486d-bf13-cbc28fde93c3,Falcon 9 Block 5 | Starlink 1,2019-11-11T14:56:00Z,Launch Successful,Falcon 9 Block 5,Space Launch Complex 40,"Cape Canaveral SFS, FL, USA",2019-11-11 14:56:00+00:00,,,Starlink,,
68ecf878-2491-4209-95fe-54f74fb163aa,Falcon 9 Block 5 | Amos-17,2019-08-06T23:23:00Z,Launch Successful,Falcon 9 Block 5,Space Launch Complex 40,"Cape Canaveral SFS, FL, USA",2019-08-06 23:23:00+00:00,,,Commercial / Other,,
28a5a464-2b2f-4b2e-b0e3-c704af99888b,Falcon 9 Block 5 | SpX CRS-18,2019-07-25T22:01:56Z,Launch Successful,Falcon 9 Block 5,Space Launch Complex 40,"Cape Canaveral SFS, FL, USA",2019-07-25 22:01:56+00:00,,,Crew / Human Spaceflight,,
b347b02e-18b4-4e55-ac9e-6bebecbc6858,Falcon 9 Block 5 | RADARSAT Constellation,2019-06-12T14:17:00Z,Launch Successful,Falcon 9 Block 5,Space Launch Complex 4E,"Vandenberg SFB, CA, USA",2019-06-12 14:17:00+00:00,,,Commercial / Other,,
267f232e-f34a-4c79-ac56-b00cf69dd32d,Falcon 9 Block 5 | Starlink Demo (0.9),2019-05-24T02:30:00Z,Launch Successful,Falcon 9 Block 5,Space Launch Complex 40,"Cape Canaveral SFS, FL, USA",2019-05-24 02:30:00+00:00,,,Starlink,,
de607493-4c2d-458e-9797-097732027ece,Falcon 9 Block 5 | SpX CRS-17,2019-05-04T06:48:58Z,Launch Successful,Falcon 9 Block 5,Space Launch Complex 40,"Cape Canaveral SFS, FL, USA",2019-05-04 06:48:58+00:00,,,Crew / Human Spaceflight,,
d889debc-b3d5-4472-a3eb-cf8a90d6ade0,Falcon 9 Block 5 | SpX-DM1 (Demonstration Mission 1),2019-03-02T07:49:00Z,Launch Successful,Falcon 9 Block 5,Launch Complex 39A,"Kennedy Space Center, FL, USA",2019-03-02 07:49:00+00:00,,,Commercial / Other,,
e5bd8f98-cf17-4563-8c2f-9063c803663d,"Falcon 9 Block 5 | Nusantara Satu & GTO-1 (Beresheet, S5)",2019-02-22T01:45:00Z,Launch Successful,Falcon 9 Block 5,Space Launch Complex 40,"Cape Canaveral SFS, FL, USA",2019-02-22 01:45:00+00:00,,,Commercial / Other,,
b6e25a46-8461-40d9-ad81-fe24e52d1173,Falcon 9 Block 5 | Iridium-8,2019-01-11T15:31:33Z,Launch Successful,Falcon 9 Block 5,Space Launch Complex 4E,"Vandenberg SFB, CA, USA",2019-01-11 15:31:33+00:00,,,Commercial / Other,,
3a4faa1b-9aa3-4844-b518-ef8f83ff6ddd,Falcon 9 Block 5 | GPS III SV01,2018-12-23T13:51:00Z,Launch Successful,Falcon 9 Block 5,Space Launch Complex 40,"Cape Canaveral SFS, FL, USA",2018-12-23 13:51:00+00:00,,,Government / National Security,,
34d6609f-7235-493d-a80b-dcf59b278a4e,Falcon 9 Block 5 | SpX CRS-16,2018-12-05T18:16:16Z,Launch Successful,Falcon 9 Block 5,Space Launch Complex 40,"Cape Canaveral SFS, FL, USA",2018-12-05 18:16:16+00:00,,,Crew / Human Spaceflight,,
90eb3d56-c719-4228-b136-d1465dda2424,Falcon 9 Block 5 | Spaceflight SSO-A,2018-12-03T18:34:05Z,Launch Successful,Falcon 9 Block 5,Space Launch Complex 4E,"Vandenberg SFB, CA, USA",2018-12-03 18:34:05+00:00,,,Commercial / Other,,
1f252074-9350-4ba7-8b06-4df4b4743ef8,Falcon 9 Block 5 | Es'hail 2,2018-11-15T20:46:00Z,Launch Successful,Falcon 9 Block 5,Launch Complex 39A,"Kennedy Space Center, FL, USA",2018-11-15 20:46:00+00:00,,,Commercial / Other,,
b0b300ee-6d5c-40a3-b791-84b0712ca9a9,Falcon 9 Block 5 | SAOCOM 1A,2018-10-08T02:21:28Z,Launch Successful,Falcon 9 Block 5,Space Launch Complex 4E,"Vandenberg SFB, CA, USA",2018-10-08 02:21:28+00:00,,,Commercial / Other,,
a7e8ed2a-49c0-49b4-8ed8-d567e32bf98a,Falcon 9 Block 5 | Telstar 18 VANTAGE,2018-09-10T04:45:00Z,Launch Successful,Falcon 9 Block 5,Space Launch Complex 40,"Cape Canaveral SFS, FL, USA",2018-09-10 04:45:00+00:00,,,Commercial / Other,,
76191cb9-a7f9-4592-886d-c51a06f32507,Falcon 9 Block 5 | Merah Putih (Telkom-4),2018-08-07T05:18:00Z,Launch Successful,Falcon 9 Block 5,Space Launch Complex 40,"Cape Canaveral SFS, FL, USA",2018-08-07 05:18:00+00:00,,,Commercial / Other,,
143b7f89-c64b-44ba-b8f3-f40ba8ad068c,Falcon 9 Block 5 | Iridium-7,2018-07-25T11:39:30Z,Launch Successful,Falcon 9 Block 5,Space Launch Complex 4E,"Vandenberg SFB, CA, USA",2018-07-25 11:39:30+00:00,,,Commercial / Other,,
0ea374f1-ac04-435d-bd6b-6d7e8d24760d,Falcon 9 Block 5 | Telstar 19 VANTAGE,2018-07-22T05:50:00Z,Launch Successful,Falcon 9 Block 5,Space Launch Complex 40,"Cape Canaveral SFS, FL, USA",2018-07-22 05:50:00+00:00,,,Commercial / Other,,
9961a642-0d04-44bd-850a-3f8299ef4d82,Falcon 9 Block 4 | SpX CRS-15,2018-06-29T09:42:41Z,Launch Successful,Falcon 9 Block 4,Space Launch Complex 40,"Cape Canaveral SFS, FL, USA",2018-06-29 09:42:41+00:00,,,Crew / Human Spaceflight,,
3693d46b-1e71-4fd8-bde2-dda188448a93,Falcon 9 Block 4 | SES-12,2018-06-04T04:45:00Z,Launch Successful,Falcon 9 Block 4,Space Launch Complex 40,"Cape Canaveral SFS, FL, USA",2018-06-04 04:45:00+00:00,,,Commercial / Other,,
cdfd242c-c01b-48b1-9fae-4b78d6ee449e,Falcon 9 Block 4 | Iridium-6 & GRACE-FO,2018-05-22T19:47:58Z,Launch Successful,Falcon 9 Block 4,Space Launch Complex 4E,"Vandenberg SFB, CA, USA",2018-05-22 19:47:58+00:00,,,Commercial / Other,,
38ef9c7a-7d5a-4d25-b184-70c391b516ca,Falcon 9 Block 5 | Bangabandhu-1,2018-05-11T20:14:00Z,Launch Successful,Falcon 9 Block 5,Launch Complex 39A,"Kennedy Space Center, FL, USA",2018-05-11 20:14:00+00:00,,,Commercial / Other,,
ca4e796d-f3e4-4b80-b2f7-f7fd6a7b325f,Falcon 9 Block 4 | TESS (Transiting Exoplanet Survey Satellite),2018-04-18T22:51:31Z,Launch Successful,Falcon 9 Block 4,Space Launch Complex 40,"Cape Canaveral SFS, FL, USA",2018-04-18 22:51:31+00:00,,,Commercial / Other,,
161dee30-0b58-4eec-83e4-b4142914b7c1,Falcon 9 Block 4 | SpX CRS-14,2018-04-02T20:30:38Z,Launch Successful,Falcon 9 Block 4,Space Launch Complex 40,"Cape Canaveral SFS, FL, USA",2018-04-02 20:30:38+00:00,,,Crew / Human Spaceflight,,
7fddc602-099a-4bcf-a110-8bf0c836949a,Falcon 9 Block 4 | Iridium-5,2018-03-30T14:13:51Z,Launch Successful,Falcon 9 Block 4,Space Launch Complex 4E,"Vandenberg SFB, CA, USA",2018-03-30 14:13:51+00:00,,,Commercial / Other,,
067aaad8-bafd-4c31-924c-dc18fb0bd4cc,Falcon 9 Block 4 | Hispasat 30W-6 (Hispasat 1F),2018-03-06T05:33:00Z,Launch Successful,Falcon 9 Block 4,Space Launch Complex 40,"Cape Canaveral SFS, FL, USA",2018-03-06 05:33:00+00:00,,,Commercial / Other,,
e443b805-1d5c-4491-b053-e03cd588611e,"Falcon 9 Full Thrust | PAZ & Microsat-2a, Microsat-2b",2018-02-22T14:17:00Z,Launch Successful,Falcon 9 Full Thrust,Space Launch Complex 4E,"Vandenberg SFB, CA, USA",2018-02-22 14:17:00+00:00,,,Commercial / Other,,
dc007d6f-0e07-4900-be31-76c6f3d74b61,Falcon 9 Full Thrust | GovSat (SES-16),2018-01-31T21:25:00Z,Launch Successful,Falcon 9 Full Thrust,Space Launch Complex 40,"Cape Canaveral SFS, FL, USA",2018-01-31 21:25:00+00:00,,,Commercial / Other,,
2cf36ccb-c757-4951-aaaa-a35605ddb56f,Falcon 9 Block 4 | Zuma,2018-01-08T01:00:00Z,Launch Successful,Falcon 9 Block 4,Space Launch Complex 40,"Cape Canaveral SFS, FL, USA",2018-01-08 01:00:00+00:00,,,Commercial / Other,,
dd92253d-5efb-426e-b6ba-bb934a4a7851,Falcon 9 Full Thrust | Iridium-4,2017-12-23T01:27:34Z,Launch Successful,Falcon 9 Full Thrust,Space Launch Complex 4E,"Vandenberg SFB, CA, USA",2017-12-23 01:27:34+00:00,,,Commercial / Other,,
c63b742b-844f-40dc-af9b-fbd946dcf214,Falcon 9 Full Thrust | SpX CRS-13,2017-12-15T15:36:09Z,Launch Successful,Falcon 9 Full Thrust,Space Launch Complex 40,"Cape Canaveral SFS, FL, USA",2017-12-15 15:36:09+00:00,,,Crew / Human Spaceflight,,
cf40e58a-f301-4ecf-a8a0-7e6657a0319c,Falcon 9 Block 4 | Koreasat 5A,2017-10-30T19:34:00Z,Launch Successful,Falcon 9 Block 4,Launch Complex 39A,"Kennedy Space Center, FL, USA",2017-10-30 19:34:00+00:00,,,Commercial / Other,,
b18c9845-9e0a-4dab-9d2b-765886503877,Falcon 9 Full Thrust | Echostar 105/SES-11,2017-10-11T22:53:00Z,Launch Successful,Falcon 9 Full Thrust,Launch Complex 39A,"Kennedy Space Center, FL, USA",2017-10-11 22:53:00+00:00,,,Commercial / Other,,
b8800f25-3b09-48de-895d-ec2fb7981c0f,Falcon 9 Block 4 | Iridium-3,2017-10-09T12:37:01Z,Launch Successful,Falcon 9 Block 4,Space Launch Complex 4E,"Vandenberg SFB, CA, USA",2017-10-09 12:37:01+00:00,,,Commercial / Other,,
82995933-e6fd-4de8-8785-5d98c9feddbe,Falcon 9 Block 4 | OTV-5 (X-37B),2017-09-07T14:00:00Z,Launch Successful,Falcon 9 Block 4,Launch Complex 39A,"Kennedy Space Center, FL, USA",2017-09-07 14:00:00+00:00,,,Government / National Security,,
f9779d72-915c-42f0-b331-a13c8075f19d,Falcon 9 Full Thrust | Formosat 5,2017-08-24T18:51:00Z,Launch Successful,Falcon 9 Full Thrust,Space Launch Complex 4E,"Vandenberg SFB, CA, USA",2017-08-24 18:51:00+00:00,,,Commercial / Other,,
8802f398-44b6-4b3c-a2e1-af73cbe9d44e,Falcon 9 Block 4 | SpX CRS-12,2017-08-14T16:31:37Z,Launch Successful,Falcon 9 Block 4,Launch Complex 39A,"Kennedy Space Center, FL, USA",2017-08-14 16:31:37+00:00,,,Crew / Human Spaceflight,,
fe77ab35-1131-42ef-b9e4-1d876471e86d,Falcon 9 Full Thrust | Intelsat 35e,2017-07-05T23:38:00Z,Launch Successful,Falcon 9 Full Thrust,Launch Complex 39A,"Kennedy Space Center, FL, USA",2017-07-05 23:38:00+00:00,,,Commercial / Other,,
eb953c99-1267-4892-85b2-51a4f22cbb08,Falcon 9 Full Thrust | Iridium-2,2017-06-25T20:25:18Z,Launch Successful,Falcon 9 Full Thrust,Space Launch Complex 4E,"Vandenberg SFB, CA, USA",2017-06-25 20:25:18+00:00,,,Commercial / Other,,
b600cba0-29f6-4ef4-b3f5-039c287bc63b,Falcon 9 Full Thrust | BulgariaSat-1,2017-06-23T19:10:00Z,Launch Successful,Falcon 9 Full Thrust,Launch Complex 39A,"Kennedy Space Center, FL, USA",2017-06-23 19:10:00+00:00,,,Commercial / Other,,
54f5fb21-1b92-4f6e-9220-7edc5f7dfb06,Falcon 9 Full Thrust | SpX CRS-11,2017-06-03T21:07:38Z,Launch Successful,Falcon 9 Full Thrust,Launch Complex 39A,"Kennedy Space Center, FL, USA",2017-06-03 21:07:38+00:00,,,Crew / Human Spaceflight,,
50da4982-75d1-4608-aa73-26a2675b3fae,Falcon 9 Full Thrust | Inmarsat-5 F4,2017-05-15T23:21:00Z,Launch Successful,Falcon 9 Full Thrust,Launch Complex 39A,"Kennedy Space Center, FL, USA",2017-05-15 23:21:00+00:00,,,Commercial / Other,,
df8a584b-3ca5-43ca-86b8-6cbd0c66b5ac,Falcon 9 Full Thrust | NROL-76,2017-05-01T11:15:00Z,Launch Successful,Falcon 9 Full Thrust,Launch Complex 39A,"Kennedy Space Center, FL, USA",2017-05-01 11:15:00+00:00,,,Government / National Security,,
8690c683-f109-4642-a860-f23ffcff60a9,Falcon 9 Full Thrust | SES-10,2017-03-30T22:27:00Z,Launch Successful,Falcon 9 Full Thrust,Launch Complex 39A,"Kennedy Space Center, FL, USA",2017-03-30 22:27:00+00:00,,,Commercial / Other,,
a9908568-9a9a-4e40-bd8f-52c1c52d7444,Falcon 9 Full Thrust | Echostar 23,2017-03-16T06:00:00Z,Launch Successful,Falcon 9 Full Thrust,Launch Complex 39A,"Kennedy Space Center, FL, USA",2017-03-16 06:00:00+00:00,,,Commercial / Other,,
35e3bff1-a9f4-40de-b4e0-8dad8e131768,Falcon 9 Full Thrust | SpX CRS-10,2017-02-19T14:39:00Z,Launch Successful,Falcon 9 Full Thrust,Launch Complex 39A,"Kennedy Space Center, FL, USA",2017-02-19 14:39:00+00:00,,,Crew / Human Spaceflight,,
908879a4-f0da-4843-bd35-04eadd1dfb93,Falcon 9 Full Thrust | Iridium-1,2017-01-14T17:54:34Z,Launch Successful,Falcon 9 Full Thrust,Space Launch Complex 4E,"Vandenberg SFB, CA, USA",2017-01-14 17:54:34+00:00,,,Commercial / Other,,
3622669f-6e06-467a-86f3-47b56b1114c1,Falcon 9 Full Thrust | Amos 6 (Failure before launch),2016-09-03T07:00:00Z,Launch Failure,Falcon 9 Full Thrust,Space Launch Complex 40,"Cape Canaveral SFS, FL, USA",2016-09-03 07:00:00+00:00,,,Commercial / Other,,
42af1017-49f4-41ec-97d6-0c3520643fc8,Falcon 9 Full Thrust | JCSAT-16,2016-08-14T05:26:00Z,Launch Successful,Falcon 9 Full Thrust,Space Launch Complex 40,"Cape Canaveral SFS, FL, USA",2016-08-14 05:26:00+00:00,,,Commercial / Other,,
74eb8c19-cb07-4674-8a0f-9090f952024a,Falcon 9 Full Thrust | SpX CRS-9,2016-07-18T04:45:29Z,Launch Successful,Falcon 9 Full Thrust,Space Launch Complex 40,"Cape Canaveral SFS, FL, USA",2016-07-18 04:45:29+00:00,,,Crew / Human Spaceflight,,
8717277d-416b-4ed8-bb4e-95d2ba9da31d,Falcon 9 Full Thrust | Eutelsat 117 West B & ABS-2A,2016-06-15T14:29:00Z,Launch Successful,Falcon 9 Full Thrust,Space Launch Complex 40,"Cape Canaveral SFS, FL, USA",2016-06-15 14:29:00+00:00,,,Commercial / Other,,
1af4fa39-c4d2-4e30-8b2a-70e9f94ac8a9,Falcon 9 Full Thrust | Thaicom 8,2016-05-27T21:39:00Z,Launch Successful,Falcon 9 Full Thrust,Space Launch Complex 40,"Cape Canaveral SFS, FL, USA",2016-05-27 21:39:00+00:00,,,Commercial / Other,,
c1f172a5-85a2-4fb1-96b4-b05267f62d85,Falcon 9 Full Thrust | JCSAT-14,2016-05-06T05:21:00Z,Launch Successful,Falcon 9 Full Thrust,Space Launch Complex 40,"Cape Canaveral SFS, FL, USA",2016-05-06 05:21:00+00:00,,,Commercial / Other,,
d47b8475-1175-479e-99b4-c86d535558e1,Falcon 9 Full Thrust | SpX CRS-8,2016-04-08T20:43:32Z,Launch Successful,Falcon 9 Full Thrust,Space Launch Complex 40,"Cape Canaveral SFS, FL, USA",2016-04-08 20:43:32+00:00,,,Crew / Human Spaceflight,,
b69f83d9-5d6f-4dfa-8d2a-e1759448a3b1,Falcon 9 Full Thrust | SES-9,2016-03-04T23:35:00Z,Launch Successful,Falcon 9 Full Thrust,Space Launch Complex 40,"Cape Canaveral SFS, FL, USA",2016-03-04 23:35:00+00:00,,,Commercial / Other,,
de278bee-4f84-4418-a3f3-4d5b969a363f,Falcon 9 v1.1 | Jason-3,2016-01-17T18:42:18Z,Launch Successful,Falcon 9 v1.1,Space Launch Complex 4E,"Vandenberg SFB, CA, USA",2016-01-17 18:42:18+00:00,,,Commercial / Other,,
7cea85fa-b373-4896-83ae-2629f4030806,Falcon 9 Full Thrust | Orbcomm OG2 Mission 2,2015-12-22T01:29:00Z,Launch Successful,Falcon 9 Full Thrust,Space Launch Complex 40,"Cape Canaveral SFS, FL, USA",2015-12-22 01:29:00+00:00,,,Commercial / Other,,
16aae09d-229e-4b9e-876c-6ac31ef5678f,Falcon 9 v1.1 | SpX CRS-7,2015-06-28T14:21:11Z,Launch Failure,Falcon 9 v1.1,Space Launch Complex 40,"Cape Canaveral SFS, FL, USA",2015-06-28 14:21:11+00:00,,,Crew / Human Spaceflight,,
7be4031b-7d5b-4b07-b617-bc3adca4b3fc,Falcon 9 v1.1 | TürkmenÄlem 52E/MonacoSAT,2015-04-27T23:03:00Z,Launch Successful,Falcon 9 v1.1,Space Launch Complex 40,"Cape Canaveral SFS, FL, USA",2015-04-27 23:03:00+00:00,,,Commercial / Other,,
db2dfb3b-e744-42ac-9cd8-ed936ad9a882,Falcon 9 v1.1 | SpX CRS-6,2015-04-14T20:10:41Z,Launch Successful,Falcon 9 v1.1,Space Launch Complex 40,"Cape Canaveral SFS, FL, USA",2015-04-14 20:10:41+00:00,,,Crew / Human Spaceflight,,
bfc70e01-0b61-43bf-871a-a19342442166,Falcon 9 v1.1 | Eutelsat 115 West B & ABS-3A,2015-03-02T03:50:00Z,Launch Successful,Falcon 9 v1.1,Space Launch Complex 40,"Cape Canaveral SFS, FL, USA",2015-03-02 03:50:00+00:00,,,Commercial / Other,,
d8dd15a0-166e-4a97-b8a0-b8289bf5f500,Falcon 9 | DSCOVR,2015-02-11T23:03:32Z,Launch Successful,Falcon 9 v1.1,Space Launch Complex 40,"Cape Canaveral SFS, FL, USA",2015-02-11 23:03:32+00:00,,,Commercial / Other,,
5c333099-5adc-4f60-9439-08374aa76fd0,Falcon 9 v1.1 | SpX CRS-5,2015-01-10T09:47:10Z,Launch Successful,Falcon 9 v1.1,Space Launch Complex 40,"Cape Canaveral SFS, FL, USA",2015-01-10 09:47:10+00:00,,,Crew / Human Spaceflight,,
3833e794-3d71-4a77-bd83-19abb3e74400,Falcon 9 v1.1 | SpX CRS-4,2014-09-21T05:52:03Z,Launch Successful,Falcon 9 v1.1,Space Launch Complex 40,"Cape Canaveral SFS, FL, USA",2014-09-21 05:52:03+00:00,,,Crew / Human Spaceflight,,
9086c318-6840-4efa-837a-2e2a414366e7,Falcon 9 v1.1 | AsiaSat 6,2014-09-07T05:00:00Z,Launch Successful,Falcon 9 v1.1,Space Launch Complex 40,"Cape Canaveral SFS, FL, USA",2014-09-07 05:00:00+00:00,,,Commercial / Other,,
49980d63-4721-429d-a6e5-957a0180b637,Falcon 9 v1.1 | Asiasat 8,2014-08-05T08:00:00Z,Launch Successful,Falcon 9 v1.1,Space Launch Complex 40,"Cape Canaveral SFS, FL, USA",2014-08-05 08:00:00+00:00,,,Commercial / Other,,
ae212477-dece-457e-9e6c-6abc8cf45ae7,Falcon 9 v1.1 | Orbcomm OG2 Mission 1,2014-07-14T15:15:00Z,Launch Successful,Falcon 9 v1.1,Space Launch Complex 40,"Cape Canaveral SFS, FL, USA",2014-07-14 15:15:00+00:00,,,Commercial / Other,,
bb8ab96d-9325-4099-8d9e-bdb388255b85,Falcon 9 v1.1 | SpX CRS-3,2014-04-18T19:25:22Z,Launch Successful,Falcon 9 v1.1,Space Launch Complex 40,"Cape Canaveral SFS, FL, USA",2014-04-18 19:25:22+00:00,,,Crew / Human Spaceflight,,
5a1f68d5-dd06-47d0-bc53-001c516794ed,Falcon 9 v1.1 | Thaicom-6,2014-01-06T22:06:00Z,Launch Successful,Falcon 9 v1.1,Space Launch Complex 40,"Cape Canaveral SFS, FL, USA",2014-01-06 22:06:00+00:00,,,Commercial / Other,,
e2431691-6019-43c3-a2a7-fc46865fef35,Falcon 9 v1.1 | SES-8,2013-12-03T22:41:00Z,Launch Successful,Falcon 9 v1.1,Space Launch Complex 40,"Cape Canaveral SFS, FL, USA",2013-12-03 22:41:00+00:00,,,Commercial / Other,,
e12d20b3-8b5c-4dcf-a635-f6106ee784bc,Falcon 9 v1.1 | CASSIOPE,2013-09-29T16:00:13Z,Launch Successful,Falcon 9 v1.1,Space Launch Complex 4E,"Vandenberg SFB, CA, USA",2013-09-29 16:00:13+00:00,,,Commercial / Other,,
6c70bbf3-cbf2-4a4f-8eda-500c230707f0,Falcon 9 v1.0 | SpX CRS-2,2013-03-01T15:10:13Z,Launch Successful,Falcon 9 v1.0,Space Launch Complex 40,"Cape Canaveral SFS, FL, USA",2013-03-01 15:10:13+00:00,,,Crew / Human Spaceflight,,
0f2d170a-6639-453a-bf2a-27b53954aeac,Falcon 9 v1.0 | SpX CRS-1,2012-10-08T00:35:07Z,Launch was a Partial Failure,Falcon 9 v1.0,Space Launch Complex 40,"Cape Canaveral SFS, FL, USA",2012-10-08 00:35:07+00:00,,,Crew / Human Spaceflight,,
ef3b84de-7f1e-4b44-8263-4145f771bfb2,Falcon 9 v1.0 | SpaceX COTS Demo Flight 2,2012-05-22T07:44:38Z,Launch Successful,Falcon 9 v1.0,Space Launch Complex 40,"Cape Canaveral SFS, FL, USA",2012-05-22 07:44:38+00:00,,,Commercial / Other,,
04106da6-a43c-4fcf-9cae-4e97dfb37345,Falcon 9 v1.0 | SpaceX COTS Demo Flight 1,2010-12-08T15:43:00Z,Launch Successful,Falcon 9 v1.0,Space Launch Complex 40,"Cape Canaveral SFS, FL, USA",2010-12-08 15:43:00+00:00,,,Commercial / Other,,
2ead3d70-ac04-40ee-b4a6-dfecfe519ee5,Falcon 9 v1.0 | Dragon Spacecraft Qualification Unit (DSQU),2010-06-04T18:45:00Z,Launch Successful,Falcon 9 v1.0,Space Launch Complex 40,"Cape Canaveral SFS, FL, USA",2010-06-04 18:45:00+00:00,,,Commercial / Other,,
